manufacturer,device_model,android_version,sdk_int,hardware,cpu_cores,model,image,input_size,detection_index,class_id,label,confidence,left,top,right,bottom,preprocess_ms,inference_ms,total_ms,cpu_percent,pss_mb,rss_mb,model_size_mb,gpu_usage_percent,delegate
"samsung","SM-A336E","14",34,"s5e8825",8,"yolo11n_320","376_jpg.rf.4be45b6bd889aa6e8432f712997e88dd.jpg",320,0,5,"107-cam-oto-khach-va-oto-tai",0.8550,375.6494,276.8877,395.4695,294.7623,22.9013,84.9076,108.9938,105.4968,158.3174,190.9844,10.1063,,"CPU-1T"
"samsung","SM-A336E","14",34,"s5e8825",8,"yolo11n_320","376_jpg.rf.4be45b6bd889aa6e8432f712997e88dd.jpg",320,1,16,"127-toc-do-toi-da-50",0.6853,337.9501,315.0884,354.0487,328.5334,22.9013,84.9076,108.9938,105.4968,158.3174,190.9844,10.1063,,"CPU-1T"
"samsung","SM-A336E","14",34,"s5e8825",8,"yolo11n_320","376_jpg.rf.4be45b6bd889aa6e8432f712997e88dd.jpg",320,2,16,"127-toc-do-toi-da-50",0.5024,337.7632,330.7130,354.1420,347.3742,22.9013,84.9076,108.9938,105.4968,158.3174,190.9844,10.1063,,"CPU-1T"
"samsung","SM-A336E","14",34,"s5e8825",8,"yolo11n_320","4_mp4-0002_jpg.rf.378ddc9a1b8edabcf6883c5a72b0e80d.jpg",320,0,45,"301d-cac-xe-chi-duoc-re-phai-2",0.9553,385.3840,64.7968,530.5889,147.8141,23.0054,85.8357,110.0416,106.3123,158.8223,191.3984,10.1063,,"CPU-1T"
"samsung","SM-A336E","14",34,"s5e8825",8,"yolo11n_320","4_mp4-0065_jpg.rf.4a889c6bd7bfa8515b55bae6d21a9858.jpg",320,0,45,"301d-cac-xe-chi-duoc-re-phai-2",0.9720,466.5132,49.7655,617.2212,134.6823,23.0985,86.7395,110.9918,107.2036,159.2871,191.8359,10.1063,,"CPU-1T"
"samsung","SM-A336E","14",34,"s5e8825",8,"yolo11n_320","4_mp4-0079_jpg.rf.7bb0baec5c447fec393734ddc09eba72.jpg",320,0,45,"301d-cac-xe-chi-duoc-re-phai-2",0.9752,456.3092,58.1317,608.2054,143.9282,22.9500,84.4881,108.6698,107.6531,159.7441,192.2695,10.1063,,"CPU-1T"
"samsung","SM-A336E","14",34,"s5e8825",8,"yolo11n_320","517_jpg.rf.3365e9d3f7787c53d4f330c9317b2c3d.jpg",320,0,30,"137-cam-re-trai-va-re-phai",0.9054,362.9464,116.8424,393.7120,166.3769,22.8568,83.9592,108.0331,105.5059,160.2012,192.7070,10.1063,,"CPU-1T"
"samsung","SM-A336E","14",34,"s5e8825",8,"yolo11n_320","6432930985452_mp4-0006_jpg.rf.2a8f28c40fd6ecda3333caa0532c516f.jpg",320,0,33,"205-duong-giao-nhau",0.7962,319.5968,206.8929,397.8807,250.0178,23.0632,85.6017,109.8957,104.6314,160.6699,193.1406,10.1063,,"CPU-1T"
"samsung","SM-A336E","14",34,"s5e8825",8,"yolo11n_320","6432930985452_mp4-0006_jpg.rf.2a8f28c40fd6ecda3333caa0532c516f.jpg",320,1,38,"224-duong-nguoi-di-bo-cat-ngang",0.4682,318.8261,252.6411,391.6990,287.0541,23.0632,85.6017,109.8957,104.6314,160.6699,193.1406,10.1063,,"CPU-1T"
"samsung","SM-A336E","14",34,"s5e8825",8,"yolo11n_320","6432941026760_mp4-0002_jpg.rf.a3ad0991ac8035a20fec19321776f20e.jpg",320,0,39,"225-chu-y-tre-em",0.8478,87.6674,301.1774,140.4590,330.1695,23.0825,84.4514,108.6567,106.7450,161.1660,193.6055,10.1063,,"CPU-1T"
"samsung","SM-A336E","14",34,"s5e8825",8,"yolo11n_320","6432944636915_mp4-0028_jpg.rf.e2faf3f5559fde6bf98d92b08f8df413.jpg",320,0,35,"208-giao-nhau-voi-duong-uu-tien",0.8314,495.9558,318.4756,545.1764,347.2867,23.0736,83.4377,108.0135,105.5295,161.6270,194.0391,10.1063,,"CPU-1T"
"samsung","SM-A336E","14",34,"s5e8825",8,"yolo11n_320","6432944636915_mp4-0028_jpg.rf.e2faf3f5559fde6bf98d92b08f8df413.jpg",320,1,29,"136-cam-di-thang",0.7944,501.3384,263.4103,536.5554,289.9504,23.0736,83.4377,108.0135,105.5295,161.6270,194.0391,10.1063,,"CPU-1T"
"samsung","SM-A336E","14",34,"s5e8825",8,"yolo11n_320","6432944636915_mp4-0028_jpg.rf.e2faf3f5559fde6bf98d92b08f8df413.jpg",320,2,29,"136-cam-di-thang",0.6773,138.4677,337.5217,169.5555,358.4005,23.0736,83.4377,108.0135,105.5295,161.6270,194.0391,10.1063,,"CPU-1T"
"samsung","SM-A336E","14",34,"s5e8825",8,"yolo11n_320","6438222152829_mp4-0073_jpg.rf.821d491f7ae20e69e29ea8667ad15bf4.jpg",320,0,18,"127-toc-do-toi-da-70",0.9698,317.5959,261.6425,366.6760,289.7771,23.2514,87.5734,112.2977,108.6249,162.0947,194.4961,10.1063,,"CPU-1T"
"samsung","SM-A336E","14",34,"s5e8825",8,"yolo11n_320","6438222152829_mp4-0115_jpg.rf.9ecc4398589661778243262d2d7b58a7.jpg",320,0,18,"127-toc-do-toi-da-70",0.9140,81.1733,306.0532,127.9416,333.7158,23.6023,86.1164,110.9965,105.3972,162.5479,195.1523,10.1063,,"CPU-1T"
"samsung","SM-A336E","14",34,"s5e8825",8,"yolo11n_320","7_jpg.rf.fc20b3103435b9baf0d1537e5b75d37e.jpg",320,0,30,"137-cam-re-trai-va-re-phai",0.9608,0.0000,250.0876,22.2123,297.0654,26.0444,92.2362,119.6465,128.6810,156.4492,189.0898,10.1063,,"CPU-1T"
"samsung","SM-A336E","14",34,"s5e8825",8,"yolo11n_320","7_jpg.rf.fc20b3103435b9baf0d1537e5b75d37e.jpg",320,1,30,"137-cam-re-trai-va-re-phai",0.4950,12.5565,374.8983,31.4246,407.4866,26.0444,92.2362,119.6465,128.6810,156.4492,189.0898,10.1063,,"CPU-1T"
"samsung","SM-A336E","14",34,"s5e8825",8,"yolo11n_320","812_jpg.rf.9042caec1c9cb13ffd30654e9ef12a6f.jpg",320,0,23,"131a-cam-do-xe",0.6788,434.2564,204.5791,456.6446,241.1138,23.0382,88.3543,112.5726,109.2488,156.7158,189.3555,10.1063,,"CPU-1T"
"samsung","SM-A336E","14",34,"s5e8825",8,"yolo11n_320","812_jpg.rf.9042caec1c9cb13ffd30654e9ef12a6f.jpg",320,1,22,"130-cam-dung-va-do-xe",0.3328,434.0685,204.3905,456.5085,240.6703,23.0382,88.3543,112.5726,109.2488,156.7158,189.3555,10.1063,,"CPU-1T"
"samsung","SM-A336E","14",34,"s5e8825",8,"yolo11n_320","8_jpg.rf.2f29afa5c73f30e6db9c8febb349fdd5.jpg",320,0,30,"137-cam-re-trai-va-re-phai",0.9021,27.5650,207.3852,59.7022,260.0875,22.9594,86.9583,111.3257,105.9805,157.1758,189.7969,10.1063,,"CPU-1T"
"samsung","SM-A336E","14",34,"s5e8825",8,"yolo11n_320","8_jpg.rf.2f29afa5c73f30e6db9c8febb349fdd5.jpg",320,1,30,"137-cam-re-trai-va-re-phai",0.6158,34.1797,341.6412,58.0897,379.1680,22.9594,86.9583,111.3257,105.9805,157.1758,189.7969,10.1063,,"CPU-1T"
"samsung","SM-A336E","14",34,"s5e8825",8,"yolo11n_320","8_jpg.rf.2f29afa5c73f30e6db9c8febb349fdd5.jpg",320,2,4,"106-cam-oto-tai",0.5874,33.5502,341.6962,58.5582,379.3158,22.9594,86.9583,111.3257,105.9805,157.1758,189.7969,10.1063,,"CPU-1T"
"samsung","SM-A336E","14",34,"s5e8825",8,"yolo11n_320","8_jpg.rf.2f29afa5c73f30e6db9c8febb349fdd5.jpg",320,3,30,"137-cam-re-trai-va-re-phai",0.3433,237.8269,422.5782,254.4718,439.2402,22.9594,86.9583,111.3257,105.9805,157.1758,189.7969,10.1063,,"CPU-1T"
"samsung","SM-A336E","14",34,"s5e8825",8,"yolo11n_320","946_jpg.rf.adbd2325400dbee2acc362c831534168.jpg",320,0,57,"442-cho",0.9496,406.8635,349.1758,430.6972,387.1200,23.1283,86.3507,110.7386,106.5462,157.6719,190.2578,10.1063,,"CPU-1T"
"samsung","SM-A336E","14",34,"s5e8825",8,"yolo11n_320","946_jpg.rf.adbd2325400dbee2acc362c831534168.jpg",320,1,23,"131a-cam-do-xe",0.8781,406.5921,304.3705,432.1628,348.2583,23.1283,86.3507,110.7386,106.5462,157.6719,190.2578,10.1063,,"CPU-1T"
"samsung","SM-A336E","14",34,"s5e8825",8,"yolo11n_320","986_jpg.rf.fb6f79659a343c46b133dd894286529e.jpg",320,0,37,"221-duong-go-ghe",0.9031,589.6100,247.7359,622.0400,288.2263,22.9930,84.3462,108.5443,106.8568,158.1289,190.7031,10.1063,,"CPU-1T"
"samsung","SM-A336E","14",34,"s5e8825",8,"yolo11n_320","986_jpg.rf.fb6f79659a343c46b133dd894286529e.jpg",320,1,38,"224-duong-nguoi-di-bo-cat-ngang",0.7420,598.9525,334.7360,623.3046,373.1551,22.9930,84.3462,108.5443,106.8568,158.1289,190.7031,10.1063,,"CPU-1T"
"samsung","SM-A336E","14",34,"s5e8825",8,"yolo11n_320","986_jpg.rf.fb6f79659a343c46b133dd894286529e.jpg",320,2,38,"224-duong-nguoi-di-bo-cat-ngang",0.5762,593.5605,291.0630,622.4841,329.7070,22.9930,84.3462,108.5443,106.8568,158.1289,190.7031,10.1063,,"CPU-1T"
"samsung","SM-A336E","14",34,"s5e8825",8,"yolo11n_320","986_jpg.rf.fb6f79659a343c46b133dd894286529e.jpg",320,3,37,"221-duong-go-ghe",0.2694,592.9853,290.2792,622.1917,329.9871,22.9930,84.3462,108.5443,106.8568,158.1289,190.7031,10.1063,,"CPU-1T"
"samsung","SM-A336E","14",34,"s5e8825",8,"yolo11n_320","A-nh-ma-n-hi-nh-2025-03-23-lu-c-00_00_38_png.rf.33d0b8be20a15121992d6c781612db26.jpg",320,0,29,"136-cam-di-thang",0.9670,25.7017,117.2264,149.3426,299.0151,22.8521,84.8712,108.9000,108.3421,158.6094,191.1641,10.1063,,"CPU-1T"
"samsung","SM-A336E","14",34,"s5e8825",8,"yolo11n_320","Eddy2612-online-video-cutter_com-_mp4-0087_jpg.rf.a8b63de290830a8a569ab9b94e8c6b56.jpg",320,0,13,"127-toc-do-toi-da-20",0.8932,278.4376,128.2461,375.7215,185.7953,22.8784,85.5785,109.7171,103.8877,159.0703,191.5977,10.1063,,"CPU-1T"
"samsung","SM-A336E","14",34,"s5e8825",8,"yolo11n_320","Ghi-Ma-n-hi-nh-2025-03-23-lu-c-22_08_05_mov-0054_jpg.rf.8210917d1062e06e013d0cd56a0af732.jpg",320,0,49,"303-noi-giao-nhau-chay-theo-vong-xuyen",0.9893,192.8326,25.6953,447.6739,348.6200,23.0327,85.4975,109.8332,105.6043,159.5469,192.2930,10.1063,,"CPU-1T"
"samsung","SM-A336E","14",34,"s5e8825",8,"yolo11n_320","Ghi-Ma-n-hi-nh-2025-03-23-lu-c-22_25_28_mov-0039_jpg.rf.c3dffa99ceeb2ccfac3193655497d12e.jpg",320,0,36,"209-giao-nhau-co-tin-hieu-den",0.9167,131.4229,116.7007,223.9999,255.0274,22.8643,88.0398,112.1508,106.9848,159.6406,192.3672,10.1063,,"CPU-1T"
"samsung","SM-A336E","14",34,"s5e8825",8,"yolo11n_320","Ghi-Ma-n-hi-nh-2025-03-23-lu-c-22_25_28_mov-0146_jpg.rf.e35fdd91170a46c9280260785119000e.jpg",320,0,36,"209-giao-nhau-co-tin-hieu-den",0.9162,131.4346,116.7874,223.9410,254.9979,23.1867,84.1947,108.6100,107.7111,160.1055,192.8047,10.1063,,"CPU-1T"
"samsung","SM-A336E","14",34,"s5e8825",8,"yolo11n_320","Ghi-Ma-n-hi-nh-2025-04-02-lu-c-14_04_42_mov-0017_jpg.rf.b635a1968c52972696572e13f5cf98d6.jpg",320,0,44,"301c-cac-xe-chi-duoc-re-trai",0.9738,23.3999,44.0156,309.8658,616.9290,23.1562,84.6490,109.1181,104.4625,160.5664,193.2461,10.1063,,"CPU-1T"
"samsung","SM-A336E","14",34,"s5e8825",8,"yolo11n_320","Ghi-Ma-n-hi-nh-2025-04-02-lu-c-14_04_42_mov-0017_jpg.rf.b635a1968c52972696572e13f5cf98d6.jpg",320,1,44,"301c-cac-xe-chi-duoc-re-trai",0.9716,339.9327,43.4617,627.4420,615.9420,23.1562,84.6490,109.1181,104.4625,160.5664,193.2461,10.1063,,"CPU-1T"
"samsung","SM-A336E","14",34,"s5e8825",8,"yolo11n_320","Ghi-Ma-n-hi-nh-2025-04-02-lu-c-15_06_54_mov-0123_jpg.rf.197f8c0a1a3c6ef7eca2eb4bc9b02e42.jpg",320,0,52,"420-bat-dau-khu-dong-dan-cu",0.9429,91.7225,246.0023,382.6754,383.4240,23.2950,85.5867,110.0786,104.4568,161.0273,193.6914,10.1063,,"CPU-1T"
"samsung","SM-A336E","14",34,"s5e8825",8,"yolo11n_320","Ghi-Ma-n-hi-nh-2025-04-02-lu-c-15_06_54_mov-0169_jpg.rf.ffb7a1764cbb0e63ccaa9eea360f6403.jpg",320,0,52,"420-bat-dau-khu-dong-dan-cu",0.9423,91.7000,246.0216,382.6496,383.4136,23.0217,84.6339,108.8750,105.6138,161.4805,194.1250,10.1063,,"CPU-1T"
"samsung","SM-A336E","14",34,"s5e8825",8,"yolo11n_320","Ghi-Ma-n-hi-nh-2025-04-02-lu-c-15_38_46_mov-0128_jpg.rf.611046171b0f3d2701b8a6a449f93d27.jpg",320,0,53,"421-ket-thuc-khu-dong-dan-cu",0.9811,464.3080,196.9570,618.7861,337.2364,23.1498,87.9970,112.8487,108.0957,161.9404,194.5625,10.1063,,"CPU-1T"
"samsung","SM-A336E","14",34,"s5e8825",8,"yolo11n_320","IMG_4007-MOV_out0082_png.rf.7bbdf7cb3b519eb3ae5d2c2185311585.jpg",320,0,0,"102-cam-di-nguoc-chieu",0.9497,39.1864,187.4617,77.9564,264.7522,22.8891,85.2077,109.4514,105.9691,162.8545,195.4141,10.1063,,"CPU-1T"
"samsung","SM-A336E","14",34,"s5e8825",8,"yolo11n_320","IMG_4007-MOV_out0082_png.rf.7bbdf7cb3b519eb3ae5d2c2185311585.jpg",320,1,48,"302a-huong-phai-di-vong-chuong-ngai-vat-1",0.7849,38.9327,268.6345,72.4211,346.7267,22.8891,85.2077,109.4514,105.9691,162.8545,195.4141,10.1063,,"CPU-1T"
"samsung","SM-A336E","14",34,"s5e8825",8,"yolo11n_320","IMG_4007-MOV_out0082_png.rf.7bbdf7cb3b519eb3ae5d2c2185311585.jpg",320,2,34,"207-giao-nhau-voi-duong-khong-uu-tien",0.4501,494.8198,383.3238,507.2988,400.1653,22.8891,85.2077,109.4514,105.9691,162.8545,195.4141,10.1063,,"CPU-1T"
"samsung","SM-A336E","14",34,"s5e8825",8,"yolo11n_320","IMG_4024-MOV_out0253_png.rf.503a4c4d1be9d04bb29a2d681fd63cf8.jpg",320,0,0,"102-cam-di-nguoc-chieu",0.9172,232.6885,438.0922,252.3435,484.7064,23.3008,86.9269,111.6609,106.5591,163.3467,195.8711,10.1063,,"CPU-1T"
"samsung","SM-A336E","14",34,"s5e8825",8,"yolo11n_320","IMG_4024-MOV_out0253_png.rf.503a4c4d1be9d04bb29a2d681fd63cf8.jpg",320,1,19,"127-toc-do-toi-da-80",0.8732,408.6159,253.7499,432.8776,299.5718,23.3008,86.9269,111.6609,106.5591,163.3467,195.8711,10.1063,,"CPU-1T"
"samsung","SM-A336E","14",34,"s5e8825",8,"yolo11n_320","IMG_4024-MOV_out0253_png.rf.503a4c4d1be9d04bb29a2d681fd63cf8.jpg",320,2,48,"302a-huong-phai-di-vong-chuong-ngai-vat-1",0.7979,232.2549,486.8033,253.9676,532.7276,23.3008,86.9269,111.6609,106.5591,163.3467,195.8711,10.1063,,"CPU-1T"
"samsung","SM-A336E","14",34,"s5e8825",8,"yolo11n_320","IMG_4024-MOV_out0253_png.rf.503a4c4d1be9d04bb29a2d681fd63cf8.jpg",320,3,17,"127-toc-do-toi-da-60",0.7700,507.9447,241.6912,534.2641,289.3524,23.3008,86.9269,111.6609,106.5591,163.3467,195.8711,10.1063,,"CPU-1T"
"samsung","SM-A336E","14",34,"s5e8825",8,"yolo11n_320","IMG_4028-MOV_out0011_png.rf.a99e3f8eb0f391dc63d04a13f66c7d92.jpg",320,0,17,"127-toc-do-toi-da-60",0.9737,369.6900,112.8910,421.2468,203.2534,22.8903,84.5161,109.0605,107.2694,163.8584,196.3672,10.1063,,"CPU-1T"
"samsung","SM-A336E","14",34,"s5e8825",8,"yolo11n_320","IMG_4028-MOV_out0011_png.rf.a99e3f8eb0f391dc63d04a13f66c7d92.jpg",320,1,22,"130-cam-dung-va-do-xe",0.9659,430.5988,270.8776,484.5509,361.2776,22.8903,84.5161,109.0605,107.2694,163.8584,196.3672,10.1063,,"CPU-1T"
"samsung","SM-A336E","14",34,"s5e8825",8,"yolo11n_320","IMG_4028-MOV_out0011_png.rf.a99e3f8eb0f391dc63d04a13f66c7d92.jpg",320,2,19,"127-toc-do-toi-da-80",0.9297,308.3524,118.5662,361.0610,208.0369,22.8903,84.5161,109.0605,107.2694,163.8584,196.3672,10.1063,,"CPU-1T"
"samsung","SM-A336E","14",34,"s5e8825",8,"yolo11n_320","IMG_4032-MOV_out0046_png.rf.2ee7f103233cddca5730e99df4bb569a.jpg",320,0,40,"227-cong-truong",0.9723,241.6768,427.7765,310.6068,531.7755,23.0493,84.5426,109.3557,105.1513,164.3623,196.8398,10.1063,,"CPU-1T"
"samsung","SM-A336E","14",34,"s5e8825",8,"yolo11n_320","IMG_4032-MOV_out0046_png.rf.2ee7f103233cddca5730e99df4bb569a.jpg",320,1,1,"103a-cam-oto",0.9670,172.8114,163.1373,241.0084,280.8683,23.0493,84.5426,109.3557,105.1513,164.3623,196.8398,10.1063,,"CPU-1T"
"samsung","SM-A336E","14",34,"s5e8825",8,"yolo11n_320","IMG_4032-MOV_out0046_png.rf.2ee7f103233cddca5730e99df4bb569a.jpg",320,2,32,"203-duong-bi-hep",0.9525,68.8207,391.5023,135.3768,494.8902,23.0493,84.5426,109.3557,105.1513,164.3623,196.8398,10.1063,,"CPU-1T"
"samsung","SM-A336E","14",34,"s5e8825",8,"yolo11n_320","IMG_4032-MOV_out0046_png.rf.2ee7f103233cddca5730e99df4bb569a.jpg",320,3,44,"301c-cac-xe-chi-duoc-re-trai",0.9343,151.8376,397.8259,220.6027,513.4705,23.0493,84.5426,109.3557,105.1513,164.3623,196.8398,10.1063,,"CPU-1T"
"samsung","SM-A336E","14",34,"s5e8825",8,"yolo11n_320","IMG_4041-MOV_out0020_png.rf.91d13da17f2f3d6f9c8ffdd204463ac2.jpg",320,0,31,"201-cho-ngoat-nguy-hiem",0.7240,139.7079,218.4207,219.0294,344.5303,24.4971,85.5201,111.1515,106.1421,164.8545,197.3086,10.1063,,"CPU-1T"
"samsung","SM-A336E","14",34,"s5e8825",8,"yolo11n_320","IMG_4047-MOV_out0012_png.rf.09ca70977f0bc67b6fa6c76255a2f296.jpg",320,0,34,"207-giao-nhau-voi-duong-khong-uu-tien",0.7440,203.3240,254.2890,243.2218,310.8016,23.2114,86.5063,111.0035,109.8921,165.3311,197.9688,10.1063,,"CPU-1T"
"samsung","SM-A336E","14",34,"s5e8825",8,"yolo11n_320","IMG_4047-MOV_out0012_png.rf.09ca70977f0bc67b6fa6c76255a2f296.jpg",320,1,41,"245-di-cham",0.7421,204.6437,315.7786,240.8723,369.5212,23.2114,86.5063,111.0035,109.8921,165.3311,197.9688,10.1063,,"CPU-1T"
"samsung","SM-A336E","14",34,"s5e8825",8,"yolo11n_320","IMG_4047-MOV_out0012_png.rf.09ca70977f0bc67b6fa6c76255a2f296.jpg",320,2,6,"123a-cam-re-trai",0.6715,107.6239,356.7064,125.7903,384.3794,23.2114,86.5063,111.0035,109.8921,165.3311,197.9688,10.1063,,"CPU-1T"
"samsung","SM-A336E","14",34,"s5e8825",8,"yolo11n_320","IMG_4047-MOV_out0012_png.rf.09ca70977f0bc67b6fa6c76255a2f296.jpg",320,3,6,"123a-cam-re-trai",0.6427,144.0540,330.5766,175.6164,382.0249,23.2114,86.5063,111.0035,109.8921,165.3311,197.9688,10.1063,,"CPU-1T"
"samsung","SM-A336E","14",34,"s5e8825",8,"yolo11n_320","IMG_4047-MOV_out0012_png.rf.09ca70977f0bc67b6fa6c76255a2f296.jpg",320,4,31,"201-cho-ngoat-nguy-hiem",0.2583,202.3680,255.5381,242.5210,311.8010,23.2114,86.5063,111.0035,109.8921,165.3311,197.9688,10.1063,,"CPU-1T"
"samsung","SM-A336E","14",34,"s5e8825",8,"yolo11n_320","IMG_4049-MOV_out0023_png.rf.176dec9b6c99c3073e95282376af54d4.jpg",320,0,22,"130-cam-dung-va-do-xe",0.9855,135.6801,59.5755,201.2291,171.4874,22.9045,85.7589,110.1733,105.2763,165.8311,198.4453,10.1063,,"CPU-1T"
"samsung","SM-A336E","14",34,"s5e8825",8,"yolo11n_320","IMG_4049-MOV_out0023_png.rf.176dec9b6c99c3073e95282376af54d4.jpg",320,1,19,"127-toc-do-toi-da-80",0.6832,94.1458,367.1691,111.9469,396.5375,22.9045,85.7589,110.1733,105.2763,165.8311,198.4453,10.1063,,"CPU-1T"
"samsung","SM-A336E","14",34,"s5e8825",8,"yolo11n_320","IMG_4049-MOV_out0023_png.rf.176dec9b6c99c3073e95282376af54d4.jpg",320,2,31,"201-cho-ngoat-nguy-hiem",0.4966,506.2307,501.4726,523.4038,526.2902,22.9045,85.7589,110.1733,105.2763,165.8311,198.4453,10.1063,,"CPU-1T"
"samsung","SM-A336E","14",34,"s5e8825",8,"yolo11n_320","IMG_4049-MOV_out0023_png.rf.176dec9b6c99c3073e95282376af54d4.jpg",320,3,16,"127-toc-do-toi-da-50",0.4576,272.8560,333.7052,288.9700,358.0358,22.9045,85.7589,110.1733,105.2763,165.8311,198.4453,10.1063,,"CPU-1T"
"samsung","SM-A336E","14",34,"s5e8825",8,"yolo11n_320","IMG_4049-MOV_out0023_png.rf.176dec9b6c99c3073e95282376af54d4.jpg",320,4,16,"127-toc-do-toi-da-50",0.3064,373.6368,330.2421,388.6771,352.0359,22.9045,85.7589,110.1733,105.2763,165.8311,198.4453,10.1063,,"CPU-1T"
"samsung","SM-A336E","14",34,"s5e8825",8,"yolo11n_320","IMG_4051-MOV_out0049_png.rf.0cdced0af44df2b18e13adfddda976bb.jpg",320,0,41,"245-di-cham",0.9937,245.4529,153.5731,337.4106,292.2882,22.9932,83.8700,108.1544,105.3938,166.3545,199.1641,10.1063,,"CPU-1T"
"samsung","SM-A336E","14",34,"s5e8825",8,"yolo11n_320","IMG_4051-MOV_out0052_png.rf.c7fb9ae66a6356120ecff9f0903bb4a1.jpg",320,0,41,"245-di-cham",0.9804,326.1787,126.4858,405.6421,252.2201,23.0256,84.3678,108.5295,105.9515,166.8193,199.6055,10.1063,,"CPU-1T"
"samsung","SM-A336E","14",34,"s5e8825",8,"yolo11n_320","IMG_4052-MOV_out0095_png.rf.cd837ddfd7779c6029cf8843e67a522d.jpg",320,0,31,"201-cho-ngoat-nguy-hiem",0.7281,255.3575,255.8467,288.5677,304.6870,22.9500,86.0502,110.1049,104.4333,167.2842,200.0547,10.1063,,"CPU-1T"
"samsung","SM-A336E","14",34,"s5e8825",8,"yolo11n_320","IMG_4055-MOV_out0002_png.rf.94c5ef6aa29fbe4784d4de3f78f2b683.jpg",320,0,16,"127-toc-do-toi-da-50",0.9762,216.1870,135.0581,281.2903,246.5307,23.1382,84.9732,109.5957,108.5667,167.7529,200.4922,10.1063,,"CPU-1T"
"samsung","SM-A336E","14",34,"s5e8825",8,"yolo11n_320","IMG_4055-MOV_out0002_png.rf.94c5ef6aa29fbe4784d4de3f78f2b683.jpg",320,1,16,"127-toc-do-toi-da-50",0.9010,291.6035,139.4667,344.2280,253.0211,23.1382,84.9732,109.5957,108.5667,167.7529,200.4922,10.1063,,"CPU-1T"
"samsung","SM-A336E","14",34,"s5e8825",8,"yolo11n_320","IMG_4055-MOV_out0002_png.rf.94c5ef6aa29fbe4784d4de3f78f2b683.jpg",320,2,23,"131a-cam-do-xe",0.8965,76.8484,336.3546,122.2864,412.4911,23.1382,84.9732,109.5957,108.5667,167.7529,200.4922,10.1063,,"CPU-1T"
"samsung","SM-A336E","14",34,"s5e8825",8,"yolo11n_320","IMG_4063-MOV_out0014_png.rf.f12c9a9d9bc1a12865d7f0d9c2699bd2.jpg",320,0,48,"302a-huong-phai-di-vong-chuong-ngai-vat-1",0.9999,245.5084,281.4790,415.3607,579.5475,22.8909,84.9158,109.2381,106.1788,168.2412,200.9570,10.1063,,"CPU-1T"
"samsung","SM-A336E","14",34,"s5e8825",8,"yolo11n_320","IMG_4063-MOV_out0014_png.rf.f12c9a9d9bc1a12865d7f0d9c2699bd2.jpg",320,1,0,"102-cam-di-nguoc-chieu",0.9929,253.2213,0.0000,418.1246,265.2369,22.8909,84.9158,109.2381,106.1788,168.2412,200.9570,10.1063,,"CPU-1T"
"samsung","SM-A336E","14",34,"s5e8825",8,"yolo11n_320","IMG_4068-MOV_out0014_png.rf.46899b0d6413e15a0ae59681905e76ea.jpg",320,0,23,"131a-cam-do-xe",0.9204,449.2429,406.3571,469.0887,439.4775,23.1041,86.1521,110.4583,105.0042,168.7295,201.4180,10.1063,,"CPU-1T"
"samsung","SM-A336E","14",34,"s5e8825",8,"yolo11n_320","IMG_4068-MOV_out0014_png.rf.46899b0d6413e15a0ae59681905e76ea.jpg",320,1,31,"201-cho-ngoat-nguy-hiem",0.2541,377.1086,437.2706,392.8415,456.3836,23.1041,86.1521,110.4583,105.0042,168.7295,201.4180,10.1063,,"CPU-1T"
"samsung","SM-A336E","14",34,"s5e8825",8,"yolo11n_320","IMG_4088-MOV_out0008_png.rf.d90b9e2562e7f2317a06cd60967c20b2.jpg",320,0,22,"130-cam-dung-va-do-xe",0.9655,135.0323,200.0574,218.4655,345.5553,23.3581,84.6059,109.2687,107.9717,169.2217,201.8945,10.1063,,"CPU-1T"
"samsung","SM-A336E","14",34,"s5e8825",8,"yolo11n_320","IMG_4090-MOV_out0026_png.rf.878b7d031dda48c5609c1198ec6054fa.jpg",320,0,22,"130-cam-dung-va-do-xe",0.9647,242.8184,259.9083,324.1801,400.5425,23.1125,84.7475,109.1378,108.1087,169.6865,202.3281,10.1063,,"CPU-1T"
"samsung","SM-A336E","14",34,"s5e8825",8,"yolo11n_320","IMG_4090-MOV_out0026_png.rf.878b7d031dda48c5609c1198ec6054fa.jpg",320,1,23,"131a-cam-do-xe",0.9478,24.7064,528.4440,53.7637,575.7855,23.1125,84.7475,109.1378,108.1087,169.6865,202.3281,10.1063,,"CPU-1T"
"samsung","SM-A336E","14",34,"s5e8825",8,"yolo11n_320","IMG_4090-MOV_out0027_png.rf.88dba89fb23debf0a97ce44daab9bfb2.jpg",320,0,22,"130-cam-dung-va-do-xe",0.9884,234.6919,207.4005,325.9490,359.0461,23.0009,83.8480,108.1445,105.4050,170.1709,202.7852,10.1063,,"CPU-1T"
"samsung","SM-A336E","14",34,"s5e8825",8,"yolo11n_320","IMG_4090-MOV_out0027_png.rf.88dba89fb23debf0a97ce44daab9bfb2.jpg",320,1,23,"131a-cam-do-xe",0.9121,0.5257,494.9377,29.0474,544.5955,23.0009,83.8480,108.1445,105.4050,170.1709,202.7852,10.1063,,"CPU-1T"
"samsung","SM-A336E","14",34,"s5e8825",8,"yolo11n_320","IMG_4092-MOV_out0022_png.rf.713fb9936736c64cf149876cc11b2222.jpg",320,0,7,"123b-cam-re-phai",0.5615,90.1263,262.8621,220.1664,509.1322,22.9580,84.4116,108.5135,105.0441,170.6387,203.4609,10.1063,,"CPU-1T"
"samsung","SM-A336E","14",34,"s5e8825",8,"yolo11n_320","IMG_4092-MOV_out0022_png.rf.713fb9936736c64cf149876cc11b2222.jpg",320,1,10,"124c-cam-re-trai-va-cam-quay-dau-xe",0.4566,89.9749,263.7993,220.6425,507.4666,22.9580,84.4116,108.5135,105.0441,170.6387,203.4609,10.1063,,"CPU-1T"
"samsung","SM-A336E","14",34,"s5e8825",8,"yolo11n_320","IMG_4094-MOV_out0042_png.rf.87f31848eb608dff4b9db2d8af1394c0.jpg",320,0,23,"131a-cam-do-xe",0.9081,280.4682,156.4355,419.2881,403.1174,23.0859,85.9889,110.2645,105.1920,171.1035,203.9102,10.1063,,"CPU-1T"
"samsung","SM-A336E","14",34,"s5e8825",8,"yolo11n_320","IMG_4102-MOV_out0004_png.rf.a8ff3f3168fed99a978b85593b5ae2d7.jpg",320,0,23,"131a-cam-do-xe",0.9173,78.5695,206.1945,222.1455,466.2772,23.1134,83.3002,107.5466,105.9883,171.5645,204.3516,10.1063,,"CPU-1T"
"samsung","SM-A336E","14",34,"s5e8825",8,"yolo11n_320","IMG_4112-MOV_out0033_png.rf.e613a1f06ff12b7a34f8ec255aeacb89.jpg",320,0,17,"127-toc-do-toi-da-60",0.9498,272.6832,142.1797,312.8546,211.1364,23.2137,84.1895,109.1674,108.0788,172.0498,204.8047,10.1063,,"CPU-1T"
"samsung","SM-A336E","14",34,"s5e8825",8,"yolo11n_320","IMG_4112-MOV_out0033_png.rf.e613a1f06ff12b7a34f8ec255aeacb89.jpg",320,1,22,"130-cam-dung-va-do-xe",0.9051,270.5960,370.2371,299.7502,418.3868,23.2137,84.1895,109.1674,108.0788,172.0498,204.8047,10.1063,,"CPU-1T"
"samsung","SM-A336E","14",34,"s5e8825",8,"yolo11n_320","IMG_4112-MOV_out0033_png.rf.e613a1f06ff12b7a34f8ec255aeacb89.jpg",320,2,19,"127-toc-do-toi-da-80",0.8852,214.7728,160.4970,255.3969,229.0299,23.2137,84.1895,109.1674,108.0788,172.0498,204.8047,10.1063,,"CPU-1T"
"samsung","SM-A336E","14",34,"s5e8825",8,"yolo11n_320","IMG_4112-MOV_out0033_png.rf.e613a1f06ff12b7a34f8ec255aeacb89.jpg",320,3,16,"127-toc-do-toi-da-50",0.8719,362.5844,173.2837,394.1378,225.4789,23.2137,84.1895,109.1674,108.0788,172.0498,204.8047,10.1063,,"CPU-1T"
"samsung","SM-A336E","14",34,"s5e8825",8,"yolo11n_320","IMG_4112-MOV_out0033_png.rf.e613a1f06ff12b7a34f8ec255aeacb89.jpg",320,4,22,"130-cam-dung-va-do-xe",0.7835,579.3405,447.6563,600.5803,480.9880,23.2137,84.1895,109.1674,108.0788,172.0498,204.8047,10.1063,,"CPU-1T"
"samsung","SM-A336E","14",34,"s5e8825",8,"yolo11n_320","IMG_4122-MOV_out0005_png.rf.1f4d23954e1988995727f1a64e6cbbbc.jpg",320,0,23,"131a-cam-do-xe",0.9729,288.4446,206.5345,358.6771,339.8633,22.8804,86.3301,110.3830,105.0767,172.5439,205.2852,10.1063,,"CPU-1T"
"samsung","SM-A336E","14",34,"s5e8825",8,"yolo11n_320","IMG_4122-MOV_out0064_png.rf.af462c333d954aee4ca15a655354abe5.jpg",320,0,23,"131a-cam-do-xe",0.8713,70.0298,324.7606,152.4135,458.2123,23.0295,84.0307,108.2281,104.3989,172.9971,205.7305,10.1063,,"CPU-1T"
"samsung","SM-A336E","14",34,"s5e8825",8,"yolo11n_320","IMG_4139-MOV_out0005_png.rf.97b28cd0c0f71780403c4b84d24d8a4a.jpg",320,0,39,"225-chu-y-tre-em",0.9013,294.0899,161.4253,343.4517,245.1426,23.2022,83.5522,108.0007,106.4681,173.4658,206.1602,10.1063,,"CPU-1T"
"samsung","SM-A336E","14",34,"s5e8825",8,"yolo11n_320","IMG_4139-MOV_out0005_png.rf.97b28cd0c0f71780403c4b84d24d8a4a.jpg",320,1,41,"245-di-cham",0.7395,298.1289,251.7255,343.4302,332.0663,23.2022,83.5522,108.0007,106.4681,173.4658,206.1602,10.1063,,"CPU-1T"
"samsung","SM-A336E","14",34,"s5e8825",8,"yolo11n_320","IMG_4146-MOV_out0029_png.rf.0daaf2020136bcd3f298eaf75ce59ef8.jpg",320,0,22,"130-cam-dung-va-do-xe",0.9124,103.5108,188.0309,135.1570,238.1991,23.2573,82.9689,107.3435,107.1209,173.9385,206.6094,10.1063,,"CPU-1T"
"samsung","SM-A336E","14",34,"s5e8825",8,"yolo11n_320","IMG_4153-MOV_out0027_png.rf.3b489fae87650e101d30d5c6a41cfc9f.jpg",320,0,16,"127-toc-do-toi-da-50",0.9726,443.8469,271.7727,494.1523,357.1375,22.9783,84.2761,108.9012,108.3427,174.3877,207.0469,10.1063,,"CPU-1T"
"samsung","SM-A336E","14",34,"s5e8825",8,"yolo11n_320","IMG_4153-MOV_out0027_png.rf.3b489fae87650e101d30d5c6a41cfc9f.jpg",320,1,17,"127-toc-do-toi-da-60",0.9692,135.7154,188.9556,183.6704,272.6182,22.9783,84.2761,108.9012,108.3427,174.3877,207.0469,10.1063,,"CPU-1T"
"samsung","SM-A336E","14",34,"s5e8825",8,"yolo11n_320","IMG_4153-MOV_out0027_png.rf.3b489fae87650e101d30d5c6a41cfc9f.jpg",320,2,19,"127-toc-do-toi-da-80",0.9488,84.5866,188.2652,132.7552,270.7495,22.9783,84.2761,108.9012,108.3427,174.3877,207.0469,10.1063,,"CPU-1T"
"samsung","SM-A336E","14",34,"s5e8825",8,"yolo11n_320","IMG_4153-MOV_out0027_png.rf.3b489fae87650e101d30d5c6a41cfc9f.jpg",320,3,22,"130-cam-dung-va-do-xe",0.4195,378.1812,513.8492,394.2266,539.4022,22.9783,84.2761,108.9012,108.3427,174.3877,207.0469,10.1063,,"CPU-1T"
"samsung","SM-A336E","14",34,"s5e8825",8,"yolo11n_320","IMG_4156-MOV_out0004_png.rf.258de781248cb979aa7860533b259be6.jpg",320,0,8,"124a-cam-quay-dau-xe",0.9423,149.8687,266.1484,185.2848,325.4949,23.0620,87.3785,111.6152,103.9194,174.8926,207.5273,10.1063,,"CPU-1T"
"samsung","SM-A336E","14",34,"s5e8825",8,"yolo11n_320","IMG_4160-MOV_out0006_png.rf.d24a9a545520174ba55c97aecd39172b.jpg",320,0,22,"130-cam-dung-va-do-xe",0.9530,140.8660,221.9443,179.7595,284.1023,23.0659,86.5803,110.9790,107.2173,175.3574,207.9688,10.1063,,"CPU-1T"
"samsung","SM-A336E","14",34,"s5e8825",8,"yolo11n_320","IMG_4160-MOV_out0006_png.rf.d24a9a545520174ba55c97aecd39172b.jpg",320,1,23,"131a-cam-do-xe",0.9191,425.8731,356.5182,454.6487,407.1176,23.0659,86.5803,110.9790,107.2173,175.3574,207.9688,10.1063,,"CPU-1T"
"samsung","SM-A336E","14",34,"s5e8825",8,"yolo11n_320","IMG_4169-MOV_out0007_png.rf.2b7f1fe993d9f4ca54cf4c7d456f9a32.jpg",320,0,31,"201-cho-ngoat-nguy-hiem",0.9323,59.9673,60.5471,261.6384,374.7582,23.0538,85.6035,109.8992,105.5386,175.8184,208.4180,10.1063,,"CPU-1T"
"samsung","SM-A336E","14",34,"s5e8825",8,"yolo11n_320","IMG_4186-MOV_out0007_png.rf.1917a5c7b2cfe606bae80b1d817bf0f2.jpg",320,0,23,"131a-cam-do-xe",0.9220,183.3296,440.7706,227.7753,516.4150,23.0083,88.5056,112.9238,108.0243,176.2793,208.8594,10.1063,,"CPU-1T"
"samsung","SM-A336E","14",34,"s5e8825",8,"yolo11n_320","IMG_4186-MOV_out0007_png.rf.1917a5c7b2cfe606bae80b1d817bf0f2.jpg",320,1,30,"137-cam-re-trai-va-re-phai",0.6231,181.5907,519.0370,225.0776,594.9664,23.0083,88.5056,112.9238,108.0243,176.2793,208.8594,10.1063,,"CPU-1T"
"samsung","SM-A336E","14",34,"s5e8825",8,"yolo11n_320","IMG_4186-MOV_out0007_png.rf.1917a5c7b2cfe606bae80b1d817bf0f2.jpg",320,2,0,"102-cam-di-nguoc-chieu",0.6103,9.1254,609.1471,27.1475,639.6642,23.0083,88.5056,112.9238,108.0243,176.2793,208.8594,10.1063,,"CPU-1T"
"samsung","SM-A336E","14",34,"s5e8825",8,"yolo11n_320","IMG_4186-MOV_out0007_png.rf.1917a5c7b2cfe606bae80b1d817bf0f2.jpg",320,3,7,"123b-cam-re-phai",0.5623,181.6024,520.7465,225.1240,594.4537,23.0083,88.5056,112.9238,108.0243,176.2793,208.8594,10.1063,,"CPU-1T"
"samsung","SM-A336E","14",34,"s5e8825",8,"yolo11n_320","IMG_4200-MOV_out0029_png.rf.0fb9f2aa37e8780adb2e719bb0d542bf.jpg",320,0,36,"209-giao-nhau-co-tin-hieu-den",0.9595,47.9391,1.5246,350.5614,494.6504,22.9454,86.8234,111.3446,105.9647,176.7598,209.3203,10.1063,,"CPU-1T"
"samsung","SM-A336E","14",34,"s5e8825",8,"yolo11n_320","IMG_4200-MOV_out0029_png.rf.0fb9f2aa37e8780adb2e719bb0d542bf.jpg",320,1,36,"209-giao-nhau-co-tin-hieu-den",0.2983,2.0913,148.5463,406.1301,640.0000,22.9454,86.8234,111.3446,105.9647,176.7598,209.3203,10.1063,,"CPU-1T"
"samsung","SM-A336E","14",34,"s5e8825",8,"yolo11n_320","IMG_4215-MOV_out0030_png.rf.ee7ce2f58d7f466d4ac5f502e75f7226.jpg",320,0,33,"205-duong-giao-nhau",0.9808,374.6967,198.7419,426.4731,276.6153,23.1115,84.6519,108.9605,107.3648,177.2402,209.7773,10.1063,,"CPU-1T"
"samsung","SM-A336E","14",34,"s5e8825",8,"yolo11n_320","IMG_4215-MOV_out0062_png.rf.3674eafd2b4fdfccc3e09fc9b26e7975.jpg",320,0,48,"302a-huong-phai-di-vong-chuong-ngai-vat-1",0.9934,349.1580,400.2393,428.5063,539.7420,23.1197,85.8042,110.2329,107.0335,177.7051,210.2148,10.1063,,"CPU-1T"
"samsung","SM-A336E","14",34,"s5e8825",8,"yolo11n_320","IMG_4215-MOV_out0062_png.rf.3674eafd2b4fdfccc3e09fc9b26e7975.jpg",320,1,0,"102-cam-di-nguoc-chieu",0.9804,351.3217,258.8781,429.6744,398.8636,23.1197,85.8042,110.2329,107.0335,177.7051,210.2148,10.1063,,"CPU-1T"
"samsung","SM-A336E","14",34,"s5e8825",8,"yolo11n_320","IMG_4218-MOV_out0006_png.rf.e57c98fe37e1ee748a41cbcc0fe9e60e.jpg",320,0,48,"302a-huong-phai-di-vong-chuong-ngai-vat-1",0.9582,0.0000,449.1004,14.4134,476.6249,23.4096,85.9430,110.9528,105.4410,178.1738,210.6641,10.1063,,"CPU-1T"
"samsung","SM-A336E","14",34,"s5e8825",8,"yolo11n_320","IMG_4218-MOV_out0006_png.rf.e57c98fe37e1ee748a41cbcc0fe9e60e.jpg",320,1,35,"208-giao-nhau-voi-duong-uu-tien",0.9313,232.0798,324.3953,262.5129,370.6267,23.4096,85.9430,110.9528,105.4410,178.1738,210.6641,10.1063,,"CPU-1T"
"samsung","SM-A336E","14",34,"s5e8825",8,"yolo11n_320","IMG_4218-MOV_out0006_png.rf.e57c98fe37e1ee748a41cbcc0fe9e60e.jpg",320,2,0,"102-cam-di-nguoc-chieu",0.8451,0.0000,420.5728,14.3063,449.2250,23.4096,85.9430,110.9528,105.4410,178.1738,210.6641,10.1063,,"CPU-1T"
"samsung","SM-A336E","14",34,"s5e8825",8,"yolo11n_320","IMG_4218-MOV_out0006_png.rf.e57c98fe37e1ee748a41cbcc0fe9e60e.jpg",320,3,33,"205-duong-giao-nhau",0.8049,231.6481,371.3060,262.0025,421.6464,23.4096,85.9430,110.9528,105.4410,178.1738,210.6641,10.1063,,"CPU-1T"
"samsung","SM-A336E","14",34,"s5e8825",8,"yolo11n_320","IMG_4218-MOV_out0006_png.rf.e57c98fe37e1ee748a41cbcc0fe9e60e.jpg",320,4,15,"127-toc-do-toi-da-40",0.8022,230.9088,424.9612,262.5938,476.4310,23.4096,85.9430,110.9528,105.4410,178.1738,210.6641,10.1063,,"CPU-1T"
"samsung","SM-A336E","14",34,"s5e8825",8,"yolo11n_320","MOV00728_mp4-0007_jpg.rf.9a2474f55178eaf5357d93dfbd910e22.jpg",320,0,53,"421-ket-thuc-khu-dong-dan-cu",0.9558,487.2894,54.5508,539.2924,145.2217,22.9585,88.0347,112.2583,105.9944,178.6816,211.1406,10.1063,,"CPU-1T"
"samsung","SM-A336E","14",34,"s5e8825",8,"yolo11n_320","MOV00732_mp4-0000_jpg.rf.b5cbb3eb96c921d963af9dcde7c08376.jpg",320,0,38,"224-duong-nguoi-di-bo-cat-ngang",0.5006,431.7930,112.1625,451.8863,142.9619,23.1113,86.5761,110.8470,109.1485,179.1895,211.6133,10.1063,,"CPU-1T"
"samsung","SM-A336E","14",34,"s5e8825",8,"yolo11n_320","MOV00732_mp4-0000_jpg.rf.b5cbb3eb96c921d963af9dcde7c08376.jpg",320,1,41,"245-di-cham",0.2646,430.8687,77.6523,450.7610,106.4063,23.1113,86.5761,110.8470,109.1485,179.1895,211.6133,10.1063,,"CPU-1T"
"samsung","SM-A336E","14",34,"s5e8825",8,"yolo11n_320","NO20250629-160524-000060F_f01836_jpg.rf.e7d99b92332fab1542b1491d4f57523a.jpg",320,0,22,"130-cam-dung-va-do-xe",0.4458,1624.8025,761.5198,1696.9979,834.7366,23.3622,96.9420,121.4694,144.8813,174.5059,207.1523,10.1063,,"CPU-1T"
"samsung","SM-A336E","14",34,"s5e8825",8,"yolo11n_320","Tua-n-Khanh-1968-online-video-cutter_com-_mp4-0112_jpg.rf.8fce825012051f902d66d1dd19ef8bb7.jpg",320,0,14,"127-toc-do-toi-da-30",0.8637,283.1441,261.7160,329.1681,287.8399,22.7853,88.2016,112.1667,104.2986,157.6855,190.4961,10.1063,,"CPU-1T"
"samsung","SM-A336E","14",34,"s5e8825",8,"yolo11n_320","Tua-n-Khanh-1968-online-video-cutter_com-_mp4-0138_jpg.rf.e47a884fcd76e6cafb53643de1017bc6.jpg",320,0,14,"127-toc-do-toi-da-30",0.8978,325.0399,230.6257,384.8573,266.3464,22.8009,84.8342,108.9055,107.4227,158.1660,190.9336,10.1063,,"CPU-1T"
"samsung","SM-A336E","14",34,"s5e8825",8,"yolo11n_320","ch0_20250430105300_20250430105600_f01818_jpg.rf.cf5f087c0b376cff623398bedca0f505.jpg",320,0,23,"131a-cam-do-xe",0.4802,1382.3120,607.9304,1428.3292,660.0237,22.6720,85.4445,109.2864,105.2194,167.7441,200.7188,10.1063,,"CPU-1T"
"samsung","SM-A336E","14",34,"s5e8825",8,"yolo11n_320","ch0_20250430105300_20250430105600_f01818_jpg.rf.cf5f087c0b376cff623398bedca0f505.jpg",320,1,9,"124b-cam-oto-quay-dau-xe",0.2990,1414.3854,256.5515,1455.6215,322.3937,22.6720,85.4445,109.2864,105.2194,167.7441,200.7188,10.1063,,"CPU-1T"
"samsung","SM-A336E","14",34,"s5e8825",8,"yolo11n_320","ch0_20250504150317_20250504150617_f01420_jpg.rf.e71c01097d00aafd575a2d1fa70714c9.jpg",320,0,0,"102-cam-di-nguoc-chieu",0.3268,892.1299,664.7001,916.8686,686.2612,22.7286,85.2454,109.0419,106.3695,168.2168,201.1758,10.1063,,"CPU-1T"
"samsung","SM-A336E","14",34,"s5e8825",8,"yolo11n_320","ch0_20250504150617_20250504150917_f03930_jpg.rf.68f5c2124f1b4f9e99953613121153c1.jpg",320,0,9,"124b-cam-oto-quay-dau-xe",0.3330,1156.9243,656.3128,1192.9629,693.1661,23.0953,89.5470,113.7527,104.6027,168.7207,201.6445,10.1063,,"CPU-1T"
"samsung","SM-A336E","14",34,"s5e8825",8,"yolo11n_320","ch0_20250504150917_20250504151217_f01340_jpg.rf.77fa98ad4dd622017e43de43df162dd2.jpg",320,0,0,"102-cam-di-nguoc-chieu",0.9373,545.2579,347.2449,661.0445,454.8058,22.6490,85.0550,109.0102,106.4014,169.1855,202.0781,10.1063,,"CPU-1T"
"samsung","SM-A336E","14",34,"s5e8825",8,"yolo11n_320","ch0_20250504150917_20250504151217_f01340_jpg.rf.77fa98ad4dd622017e43de43df162dd2.jpg",320,1,48,"302a-huong-phai-di-vong-chuong-ngai-vat-1",0.9257,527.0552,458.0858,648.2241,566.2132,22.6490,85.0550,109.0102,106.4014,169.1855,202.0781,10.1063,,"CPU-1T"
"samsung","SM-A336E","14",34,"s5e8825",8,"yolo11n_320","ch0_20250504151217_20250504151517_f00100_jpg.rf.e3c5eab93106bc5a40bd66dd23b80c50.jpg",320,0,48,"302a-huong-phai-di-vong-chuong-ngai-vat-1",0.9640,289.3961,350.5095,385.3855,474.5656,22.6877,86.5039,110.4608,107.7213,170.1348,202.9609,10.1063,,"CPU-1T"
"samsung","SM-A336E","14",34,"s5e8825",8,"yolo11n_320","ch0_20250504151217_20250504151517_f00100_jpg.rf.e3c5eab93106bc5a40bd66dd23b80c50.jpg",320,1,0,"102-cam-di-nguoc-chieu",0.9553,310.0547,227.5316,406.8047,348.5758,22.6877,86.5039,110.4608,107.7213,170.1348,202.9609,10.1063,,"CPU-1T"
"samsung","SM-A336E","14",34,"s5e8825",8,"yolo11n_320","ch0_20250504151217_20250504151517_f03230_jpg.rf.158925432bebc859c1d9f0759e35dcd1.jpg",320,0,48,"302a-huong-phai-di-vong-chuong-ngai-vat-1",0.9364,621.6801,444.8529,731.7640,557.4921,22.8957,87.0462,111.2588,109.6443,170.6035,203.4063,10.1063,,"CPU-1T"
"samsung","SM-A336E","14",34,"s5e8825",8,"yolo11n_320","ch0_20250504151217_20250504151517_f03230_jpg.rf.158925432bebc859c1d9f0759e35dcd1.jpg",320,1,0,"102-cam-di-nguoc-chieu",0.9121,635.7579,338.3258,740.2894,438.7928,22.8957,87.0462,111.2588,109.6443,170.6035,203.4063,10.1063,,"CPU-1T"
"samsung","SM-A336E","14",34,"s5e8825",8,"yolo11n_320","ch0_20250504151817_20250504152117_f00860_jpg.rf.aed04b9771fccada2de65166143e3eb3.jpg",320,0,0,"102-cam-di-nguoc-chieu",0.3091,805.8499,654.1071,840.2646,681.9164,22.7882,87.5147,111.3469,104.1687,171.9824,204.9570,10.1063,,"CPU-1T"
"samsung","SM-A336E","14",34,"s5e8825",8,"yolo11n_320","ch0_20250504151817_20250504152117_f03560_jpg.rf.fdb8dfbec5d0bef191ce8293ab736fc9.jpg",320,0,50,"306-toc-do-toi-thieu-60",0.9656,1159.5103,225.2586,1272.4508,329.0036,22.4838,83.4782,107.4453,106.0908,172.4395,205.3906,10.1063,,"CPU-1T"
"samsung","SM-A336E","14",34,"s5e8825",8,"yolo11n_320","ch0_20250504151817_20250504152117_f03560_jpg.rf.fdb8dfbec5d0bef191ce8293ab736fc9.jpg",320,1,50,"306-toc-do-toi-thieu-60",0.9039,845.8701,229.4791,960.7914,339.7087,22.4838,83.4782,107.4453,106.0908,172.4395,205.3906,10.1063,,"CPU-1T"
"samsung","SM-A336E","14",34,"s5e8825",8,"yolo11n_320","ch0_20250504151817_20250504152117_f03560_jpg.rf.fdb8dfbec5d0bef191ce8293ab736fc9.jpg",320,2,20,"127-toc-do-toi-da-90",0.7126,1026.8860,228.0779,1143.5579,331.7643,22.4838,83.4782,107.4453,106.0908,172.4395,205.3906,10.1063,,"CPU-1T"
"samsung","SM-A336E","14",34,"s5e8825",8,"yolo11n_320","ch0_20250504151817_20250504152117_f03560_jpg.rf.fdb8dfbec5d0bef191ce8293ab736fc9.jpg",320,3,20,"127-toc-do-toi-da-90",0.7002,733.9572,239.9264,839.3340,342.2402,22.4838,83.4782,107.4453,106.0908,172.4395,205.3906,10.1063,,"CPU-1T"
"samsung","SM-A336E","14",34,"s5e8825",8,"yolo11n_320","ch0_20250504151817_20250504152117_f03560_jpg.rf.fdb8dfbec5d0bef191ce8293ab736fc9.jpg",320,4,19,"127-toc-do-toi-da-80",0.5300,733.1916,238.8961,839.3613,341.3058,22.4838,83.4782,107.4453,106.0908,172.4395,205.3906,10.1063,,"CPU-1T"
"samsung","SM-A336E","14",34,"s5e8825",8,"yolo11n_320","ch0_20250504151817_20250504152117_f03560_jpg.rf.fdb8dfbec5d0bef191ce8293ab736fc9.jpg",320,5,55,"437-bat-dau-duong-cao-toc",0.4203,1172.9606,100.2452,1248.7487,184.8127,22.4838,83.4782,107.4453,106.0908,172.4395,205.3906,10.1063,,"CPU-1T"
"samsung","SM-A336E","14",34,"s5e8825",8,"yolo11n_320","ch0_20250504151817_20250504152117_f03560_jpg.rf.fdb8dfbec5d0bef191ce8293ab736fc9.jpg",320,6,50,"306-toc-do-toi-thieu-60",0.3940,1174.8845,106.2251,1257.3739,186.5788,22.4838,83.4782,107.4453,106.0908,172.4395,205.3906,10.1063,,"CPU-1T"
"samsung","SM-A336E","14",34,"s5e8825",8,"yolo11n_320","ch0_20250504154520_20250504154820_f02180_jpg.rf.33f076286bb1639912441813a8e67f2d.jpg",320,0,19,"127-toc-do-toi-da-80",0.8321,1304.5210,579.9776,1398.9186,675.9091,22.5334,83.2307,106.8511,104.8092,172.9668,205.8867,10.1063,,"CPU-1T"
"samsung","SM-A336E","14",34,"s5e8825",8,"yolo11n_320","ch0_20250504154520_20250504154820_f02830_jpg.rf.4ce52082b9c10ae58656589d07172f7d.jpg",320,0,56,"438-ket-thuc-duong-cao-toc",0.3734,1309.2653,110.4869,1366.7733,173.6409,22.8537,83.5241,107.4852,106.0510,173.4199,206.3242,10.1063,,"CPU-1T"
"samsung","SM-A336E","14",34,"s5e8825",8,"yolo11n_320","ch0_20250504163332_20250504163632_f02200_jpg.rf.d8084ac703bc068a0dda1e098fcc769e.jpg",320,0,48,"302a-huong-phai-di-vong-chuong-ngai-vat-1",0.9269,564.9000,475.6111,652.1573,564.0031,22.6307,83.9870,107.8406,106.6282,173.8770,206.7578,10.1063,,"CPU-1T"
"samsung","SM-A336E","14",34,"s5e8825",8,"yolo11n_320","ch0_20250504163332_20250504163632_f02200_jpg.rf.d8084ac703bc068a0dda1e098fcc769e.jpg",320,1,0,"102-cam-di-nguoc-chieu",0.7685,575.6948,388.9698,643.9847,469.9746,22.6307,83.9870,107.8406,106.6282,173.8770,206.7578,10.1063,,"CPU-1T"
"samsung","SM-A336E","14",34,"s5e8825",8,"yolo11n_320","ch0_20250504163332_20250504163632_f02200_jpg.rf.d8084ac703bc068a0dda1e098fcc769e.jpg",320,2,22,"130-cam-dung-va-do-xe",0.6025,1676.7576,375.5046,1716.9624,432.8723,22.6307,83.9870,107.8406,106.6282,173.8770,206.7578,10.1063,,"CPU-1T"
"samsung","SM-A336E","14",34,"s5e8825",8,"yolo11n_320","ch0_20250504163332_20250504163632_f02200_jpg.rf.d8084ac703bc068a0dda1e098fcc769e.jpg",320,3,22,"130-cam-dung-va-do-xe",0.4772,1694.2504,486.1650,1735.1949,546.5403,22.6307,83.9870,107.8406,106.6282,173.8770,206.7578,10.1063,,"CPU-1T"
"samsung","SM-A336E","14",34,"s5e8825",8,"yolo11n_320","ch0_20250511151404_20250511151904_f02595_jpg.rf.d921c03cdea5fbba215a16bdfda74a5f.jpg",320,0,42,"301a-cac-xe-chi-duoc-di-thang",0.9310,1440.2333,246.3125,1561.2766,384.4254,22.8569,83.6958,107.7356,105.8057,174.8340,207.6602,10.1063,,"CPU-1T"
"samsung","SM-A336E","14",34,"s5e8825",8,"yolo11n_320","ch0_20250511152904_20250511153404_f01350_jpg.rf.095a607564ebd68f6172d7114a549455.jpg",320,0,3,"103c-cam-oto-re-trai",0.5418,1535.4218,475.5864,1596.0498,553.2435,22.8294,86.6771,110.6080,105.7676,175.2861,208.0977,10.1063,,"CPU-1T"
"samsung","SM-A336E","14",34,"s5e8825",8,"yolo11n_320","ch0_20250511153904_20250511154404_f02640_jpg.rf.a47a398c69b0b006451dac1cd622f542.jpg",320,0,48,"302a-huong-phai-di-vong-chuong-ngai-vat-1",0.9091,447.3319,613.9390,481.2843,660.7768,23.7910,86.1812,111.2200,106.0839,175.7451,208.5352,10.1063,,"CPU-1T"
"samsung","SM-A336E","14",34,"s5e8825",8,"yolo11n_320","ch0_20250511153904_20250511154404_f02640_jpg.rf.a47a398c69b0b006451dac1cd622f542.jpg",320,1,0,"102-cam-di-nguoc-chieu",0.8343,449.0833,557.0226,482.6266,606.9145,23.7910,86.1812,111.2200,106.0839,175.7451,208.5352,10.1063,,"CPU-1T"
"samsung","SM-A336E","14",34,"s5e8825",8,"yolo11n_320","ch0_20250511161258_20250511161758_f01807_jpg.rf.338d12bdbeda47bf65b2aaa154ccdc54.jpg",320,0,23,"131a-cam-do-xe",0.6472,1670.7349,508.3161,1710.8760,564.0186,22.6760,86.1697,109.9808,107.2850,176.2168,208.9844,10.1063,,"CPU-1T"
"samsung","SM-A336E","14",34,"s5e8825",8,"yolo11n_320","ch0_20250511161758_20250511162258_f03029_jpg.rf.e60388f056fd6de3298bc7058207e5f0.jpg",320,0,23,"131a-cam-do-xe",0.6157,1502.7745,493.3506,1555.5140,556.2105,22.7886,86.7276,110.6397,104.8391,176.6816,209.4219,10.1063,,"CPU-1T"
"samsung","SM-A336E","14",34,"s5e8825",8,"yolo11n_320","ch0_20250511163759_20250511164259_f05863_jpg.rf.207a395b469f8a7123bcb8a55f7dbde0.jpg",320,0,6,"123a-cam-re-trai",0.2667,591.8284,189.0550,682.1531,280.2291,23.0208,83.9111,107.9517,105.5966,177.5918,210.4609,10.1063,,"CPU-1T"
"samsung","SM-A336E","14",34,"s5e8825",8,"yolo11n_320","ch0_20250517164301_20250517164801_f00507_jpg.rf.69bb4eae7f768bb5d9a88a35980330f1.jpg",320,0,17,"127-toc-do-toi-da-60",0.8806,302.6590,391.2486,371.3847,480.0513,23.1720,84.3217,108.6300,107.6991,180.3105,213.0195,10.1063,,"CPU-1T"
"samsung","SM-A336E","14",34,"s5e8825",8,"yolo11n_320","ch0_20250517164301_20250517164801_f00507_jpg.rf.69bb4eae7f768bb5d9a88a35980330f1.jpg",320,1,22,"130-cam-dung-va-do-xe",0.6768,1567.0273,345.2058,1646.7214,444.2393,23.1720,84.3217,108.6300,107.6991,180.3105,213.0195,10.1063,,"CPU-1T"
"samsung","SM-A336E","14",34,"s5e8825",8,"yolo11n_640","376_jpg.rf.4be45b6bd889aa6e8432f712997e88dd.jpg",640,0,5,"107-cam-oto-khach-va-oto-tai",0.9130,375.5229,276.9298,399.1465,295.6458,88.9047,364.7532,457.6042,108.3894,207.2051,239.2930,10.1784,,"CPU-1T"
"samsung","SM-A336E","14",34,"s5e8825",8,"yolo11n_640","376_jpg.rf.4be45b6bd889aa6e8432f712997e88dd.jpg",640,1,16,"127-toc-do-toi-da-50",0.9032,339.3989,315.8801,356.0287,327.8964,88.9047,364.7532,457.6042,108.3894,207.2051,239.2930,10.1784,,"CPU-1T"
"samsung","SM-A336E","14",34,"s5e8825",8,"yolo11n_640","4_mp4-0002_jpg.rf.378ddc9a1b8edabcf6883c5a72b0e80d.jpg",640,0,45,"301d-cac-xe-chi-duoc-re-phai-2",0.9762,385.5066,66.2887,530.0763,148.5934,89.1918,363.2570,456.4536,108.4434,208.9082,241.1406,10.1784,,"CPU-1T"
"samsung","SM-A336E","14",34,"s5e8825",8,"yolo11n_640","4_mp4-0002_jpg.rf.378ddc9a1b8edabcf6883c5a72b0e80d.jpg",640,1,35,"208-giao-nhau-voi-duong-uu-tien",0.3106,0.0490,486.1882,22.3605,605.9689,89.1918,363.2570,456.4536,108.4434,208.9082,241.1406,10.1784,,"CPU-1T"
"samsung","SM-A336E","14",34,"s5e8825",8,"yolo11n_640","4_mp4-0065_jpg.rf.4a889c6bd7bfa8515b55bae6d21a9858.jpg",640,0,45,"301d-cac-xe-chi-duoc-re-phai-2",0.9553,469.2234,49.3780,617.4150,132.2784,89.5832,362.0980,456.1558,106.1023,210.6074,242.7617,10.1784,,"CPU-1T"
"samsung","SM-A336E","14",34,"s5e8825",8,"yolo11n_640","4_mp4-0065_jpg.rf.4a889c6bd7bfa8515b55bae6d21a9858.jpg",640,1,35,"208-giao-nhau-voi-duong-uu-tien",0.8086,616.1382,370.2969,640.0000,480.3217,89.5832,362.0980,456.1558,106.1023,210.6074,242.7617,10.1784,,"CPU-1T"
"samsung","SM-A336E","14",34,"s5e8825",8,"yolo11n_640","4_mp4-0079_jpg.rf.7bb0baec5c447fec393734ddc09eba72.jpg",640,0,45,"301d-cac-xe-chi-duoc-re-phai-2",0.9620,458.5079,57.5009,606.2544,142.2722,88.9086,354.1845,447.0868,106.0183,212.3027,244.6055,10.1784,,"CPU-1T"
"samsung","SM-A336E","14",34,"s5e8825",8,"yolo11n_640","517_jpg.rf.3365e9d3f7787c53d4f330c9317b2c3d.jpg",640,0,30,"137-cam-re-trai-va-re-phai",0.9801,363.0372,117.3024,393.0273,166.7369,89.0981,352.6607,445.8039,105.8743,213.9854,246.2188,10.1784,,"CPU-1T"
"samsung","SM-A336E","14",34,"s5e8825",8,"yolo11n_640","6432930985452_mp4-0006_jpg.rf.2a8f28c40fd6ecda3333caa0532c516f.jpg",640,0,33,"205-duong-giao-nhau",0.6213,319.5017,207.4012,398.2732,250.5506,88.7093,357.2557,450.1826,106.8442,215.6729,247.8320,10.1784,,"CPU-1T"
"samsung","SM-A336E","14",34,"s5e8825",8,"yolo11n_640","6432930985452_mp4-0006_jpg.rf.2a8f28c40fd6ecda3333caa0532c516f.jpg",640,1,31,"201-cho-ngoat-nguy-hiem",0.2748,317.5643,249.1692,386.8170,286.5442,88.7093,357.2557,450.1826,106.8442,215.6729,247.8320,10.1784,,"CPU-1T"
"samsung","SM-A336E","14",34,"s5e8825",8,"yolo11n_640","6432930985452_mp4-0006_jpg.rf.2a8f28c40fd6ecda3333caa0532c516f.jpg",640,2,37,"221-duong-go-ghe",0.2531,316.2248,249.2740,388.3438,287.1611,88.7093,357.2557,450.1826,106.8442,215.6729,247.8320,10.1784,,"CPU-1T"
"samsung","SM-A336E","14",34,"s5e8825",8,"yolo11n_640","6432941026760_mp4-0002_jpg.rf.a3ad0991ac8035a20fec19321776f20e.jpg",640,0,39,"225-chu-y-tre-em",0.9608,86.7615,302.9297,138.5606,331.4411,88.9988,347.3493,440.4130,106.7162,217.3721,249.4609,10.1784,,"CPU-1T"
"samsung","SM-A336E","14",34,"s5e8825",8,"yolo11n_640","6432944636915_mp4-0028_jpg.rf.e2faf3f5559fde6bf98d92b08f8df413.jpg",640,0,29,"136-cam-di-thang",0.9568,136.9612,338.4864,169.7088,358.2619,89.3116,352.8958,446.5443,106.3711,219.0557,251.0664,10.1784,,"CPU-1T"
"samsung","SM-A336E","14",34,"s5e8825",8,"yolo11n_640","6432944636915_mp4-0028_jpg.rf.e2faf3f5559fde6bf98d92b08f8df413.jpg",640,1,29,"136-cam-di-thang",0.9380,499.5150,263.3707,535.8569,288.6814,89.3116,352.8958,446.5443,106.3711,219.0557,251.0664,10.1784,,"CPU-1T"
"samsung","SM-A336E","14",34,"s5e8825",8,"yolo11n_640","6432944636915_mp4-0028_jpg.rf.e2faf3f5559fde6bf98d92b08f8df413.jpg",640,2,35,"208-giao-nhau-voi-duong-uu-tien",0.7232,497.8756,318.7058,542.7155,346.0230,89.3116,352.8958,446.5443,106.3711,219.0557,251.0664,10.1784,,"CPU-1T"
"samsung","SM-A336E","14",34,"s5e8825",8,"yolo11n_640","6438222152829_mp4-0073_jpg.rf.821d491f7ae20e69e29ea8667ad15bf4.jpg",640,0,18,"127-toc-do-toi-da-70",0.9368,318.0796,261.4658,366.4275,290.8425,88.7958,347.9444,440.7955,105.9433,220.7471,252.9492,10.1784,,"CPU-1T"
"samsung","SM-A336E","14",34,"s5e8825",8,"yolo11n_640","6438222152829_mp4-0115_jpg.rf.9ecc4398589661778243262d2d7b58a7.jpg",640,0,18,"127-toc-do-toi-da-70",0.8691,79.6095,305.9140,129.3829,333.6627,88.5269,351.6902,444.1584,106.9425,222.4268,254.5742,10.1784,,"CPU-1T"
"samsung","SM-A336E","14",34,"s5e8825",8,"yolo11n_640","7_jpg.rf.fc20b3103435b9baf0d1537e5b75d37e.jpg",640,0,30,"137-cam-re-trai-va-re-phai",0.9950,10.0426,374.9167,32.6854,407.9128,88.9200,368.5954,462.4161,106.3949,224.0869,255.4727,10.1784,,"CPU-1T"
"samsung","SM-A336E","14",34,"s5e8825",8,"yolo11n_640","7_jpg.rf.fc20b3103435b9baf0d1537e5b75d37e.jpg",640,1,30,"137-cam-re-trai-va-re-phai",0.9704,0.1227,249.7881,22.3562,296.0668,88.9200,368.5954,462.4161,106.3949,224.0869,255.4727,10.1784,,"CPU-1T"
"samsung","SM-A336E","14",34,"s5e8825",8,"yolo11n_640","812_jpg.rf.9042caec1c9cb13ffd30654e9ef12a6f.jpg",640,0,23,"131a-cam-do-xe",0.5839,433.0319,205.6297,456.0624,241.6423,89.0918,351.3692,444.5215,106.1800,225.8057,257.5820,10.1784,,"CPU-1T"
"samsung","SM-A336E","14",34,"s5e8825",8,"yolo11n_640","812_jpg.rf.9042caec1c9cb13ffd30654e9ef12a6f.jpg",640,1,51,"407a-duong-mot-chieu",0.5277,480.5122,234.6674,499.9670,268.6143,89.0918,351.3692,444.5215,106.1800,225.8057,257.5820,10.1784,,"CPU-1T"
"samsung","SM-A336E","14",34,"s5e8825",8,"yolo11n_640","8_jpg.rf.2f29afa5c73f30e6db9c8febb349fdd5.jpg",640,0,30,"137-cam-re-trai-va-re-phai",0.9805,27.5801,207.9788,59.5366,259.6497,89.2632,346.2646,439.9324,106.1513,227.4932,259.1953,10.1784,,"CPU-1T"
"samsung","SM-A336E","14",34,"s5e8825",8,"yolo11n_640","8_jpg.rf.2f29afa5c73f30e6db9c8febb349fdd5.jpg",640,1,30,"137-cam-re-trai-va-re-phai",0.9648,33.3013,342.4305,58.1333,379.6584,89.2632,346.2646,439.9324,106.1513,227.4932,259.1953,10.1784,,"CPU-1T"
"samsung","SM-A336E","14",34,"s5e8825",8,"yolo11n_640","946_jpg.rf.adbd2325400dbee2acc362c831534168.jpg",640,0,57,"442-cho",0.9380,407.2505,348.2150,431.1427,388.0544,89.1298,359.0045,452.9092,106.8629,229.1924,260.8164,10.1784,,"CPU-1T"
"samsung","SM-A336E","14",34,"s5e8825",8,"yolo11n_640","946_jpg.rf.adbd2325400dbee2acc362c831534168.jpg",640,1,23,"131a-cam-do-xe",0.9292,406.4469,305.2041,432.5183,347.5119,89.1298,359.0045,452.9092,106.8629,229.1924,260.8164,10.1784,,"CPU-1T"
"samsung","SM-A336E","14",34,"s5e8825",8,"yolo11n_640","986_jpg.rf.fb6f79659a343c46b133dd894286529e.jpg",640,0,37,"221-duong-go-ghe",0.9937,590.7668,247.1893,621.0943,288.0318,88.7013,346.5219,439.3837,105.1461,230.8721,262.4336,10.1784,,"CPU-1T"
"samsung","SM-A336E","14",34,"s5e8825",8,"yolo11n_640","986_jpg.rf.fb6f79659a343c46b133dd894286529e.jpg",640,1,38,"224-duong-nguoi-di-bo-cat-ngang",0.3879,593.8691,290.4184,622.1689,330.8695,88.7013,346.5219,439.3837,105.1461,230.8721,262.4336,10.1784,,"CPU-1T"
"samsung","SM-A336E","14",34,"s5e8825",8,"yolo11n_640","986_jpg.rf.fb6f79659a343c46b133dd894286529e.jpg",640,2,37,"221-duong-go-ghe",0.2900,593.7489,291.2222,622.8323,331.2042,88.7013,346.5219,439.3837,105.1461,230.8721,262.4336,10.1784,,"CPU-1T"
"samsung","SM-A336E","14",34,"s5e8825",8,"yolo11n_640","A-nh-ma-n-hi-nh-2025-03-23-lu-c-00_00_38_png.rf.33d0b8be20a15121992d6c781612db26.jpg",640,0,29,"136-cam-di-thang",0.8748,24.8815,118.6439,150.3471,299.5274,88.7080,352.0660,444.7597,106.1233,232.5674,264.0625,10.1784,,"CPU-1T"
"samsung","SM-A336E","14",34,"s5e8825",8,"yolo11n_640","Eddy2612-online-video-cutter_com-_mp4-0087_jpg.rf.a8b63de290830a8a569ab9b94e8c6b56.jpg",640,0,13,"127-toc-do-toi-da-20",0.9884,279.1567,128.6043,374.2271,185.5706,89.2010,350.3956,443.5840,105.7280,234.2432,265.6680,10.1784,,"CPU-1T"
"samsung","SM-A336E","14",34,"s5e8825",8,"yolo11n_640","Ghi-Ma-n-hi-nh-2025-03-23-lu-c-22_08_05_mov-0054_jpg.rf.8210917d1062e06e013d0cd56a0af732.jpg",640,0,49,"303-noi-giao-nhau-chay-theo-vong-xuyen",0.9813,193.7894,23.9808,456.3760,351.9198,88.7873,348.4297,441.4112,105.5692,235.9346,267.5195,10.1784,,"CPU-1T"
"samsung","SM-A336E","14",34,"s5e8825",8,"yolo11n_640","Ghi-Ma-n-hi-nh-2025-03-23-lu-c-22_25_28_mov-0039_jpg.rf.c3dffa99ceeb2ccfac3193655497d12e.jpg",640,0,36,"209-giao-nhau-co-tin-hieu-den",0.9638,131.1593,117.0107,224.2497,254.8021,88.7828,351.0350,444.0392,106.0702,237.5986,269.1328,10.1784,,"CPU-1T"
"samsung","SM-A336E","14",34,"s5e8825",8,"yolo11n_640","Ghi-Ma-n-hi-nh-2025-03-23-lu-c-22_25_28_mov-0146_jpg.rf.e35fdd91170a46c9280260785119000e.jpg",640,0,36,"209-giao-nhau-co-tin-hieu-den",0.9642,131.1588,116.9741,224.2271,254.7745,88.6219,350.2909,442.9013,105.8915,239.2666,270.7539,10.1784,,"CPU-1T"
"samsung","SM-A336E","14",34,"s5e8825",8,"yolo11n_640","Ghi-Ma-n-hi-nh-2025-04-02-lu-c-14_04_42_mov-0017_jpg.rf.b635a1968c52972696572e13f5cf98d6.jpg",640,0,44,"301c-cac-xe-chi-duoc-re-trai",0.9856,25.5644,45.2413,310.1233,620.2645,88.9618,352.9863,446.1345,106.9171,240.9580,272.3906,10.1784,,"CPU-1T"
"samsung","SM-A336E","14",34,"s5e8825",8,"yolo11n_640","Ghi-Ma-n-hi-nh-2025-04-02-lu-c-14_04_42_mov-0017_jpg.rf.b635a1968c52972696572e13f5cf98d6.jpg",640,1,44,"301c-cac-xe-chi-duoc-re-trai",0.9606,341.6344,44.3633,627.1133,620.4432,88.9618,352.9863,446.1345,106.9171,240.9580,272.3906,10.1784,,"CPU-1T"
"samsung","SM-A336E","14",34,"s5e8825",8,"yolo11n_640","Ghi-Ma-n-hi-nh-2025-04-02-lu-c-15_06_54_mov-0123_jpg.rf.197f8c0a1a3c6ef7eca2eb4bc9b02e42.jpg",640,0,52,"420-bat-dau-khu-dong-dan-cu",0.9006,93.1020,244.9366,383.5396,380.9942,88.6192,346.0298,438.6692,106.4571,242.6650,274.0078,10.1784,,"CPU-1T"
"samsung","SM-A336E","14",34,"s5e8825",8,"yolo11n_640","Ghi-Ma-n-hi-nh-2025-04-02-lu-c-15_06_54_mov-0169_jpg.rf.ffb7a1764cbb0e63ccaa9eea360f6403.jpg",640,0,52,"420-bat-dau-khu-dong-dan-cu",0.9002,93.0838,244.8534,383.5669,380.9584,88.6107,352.4771,445.4525,105.5094,244.3525,275.6172,10.1784,,"CPU-1T"
"samsung","SM-A336E","14",34,"s5e8825",8,"yolo11n_640","Ghi-Ma-n-hi-nh-2025-04-02-lu-c-15_38_46_mov-0128_jpg.rf.611046171b0f3d2701b8a6a449f93d27.jpg",640,0,53,"421-ket-thuc-khu-dong-dan-cu",0.9653,467.2529,197.8472,618.6951,339.3798,89.1327,363.1120,456.4684,106.0299,246.0352,277.2305,10.1784,,"CPU-1T"
"samsung","SM-A336E","14",34,"s5e8825",8,"yolo11n_640","IMG_0493_jpeg.rf.3ae39d1297e3e1de25b07f168e79bc36.jpg",640,0,25,"131c-cam-do-xe-ngay-chan",0.8557,711.6933,246.2028,885.0941,451.0754,91.0798,363.9138,459.0933,106.2950,255.1836,286.7539,10.1784,,"CPU-1T"
"samsung","SM-A336E","14",34,"s5e8825",8,"yolo11n_640","IMG_4007-MOV_out0082_png.rf.7bbdf7cb3b519eb3ae5d2c2185311585.jpg",640,0,48,"302a-huong-phai-di-vong-chuong-ngai-vat-1",0.9511,38.0429,270.0546,72.3032,348.3255,89.7688,345.4609,439.3805,105.8298,249.4492,280.9492,10.1784,,"CPU-1T"
"samsung","SM-A336E","14",34,"s5e8825",8,"yolo11n_640","IMG_4007-MOV_out0082_png.rf.7bbdf7cb3b519eb3ae5d2c2185311585.jpg",640,1,0,"102-cam-di-nguoc-chieu",0.9455,39.0780,187.5728,78.5979,265.0894,89.7688,345.4609,439.3805,105.8298,249.4492,280.9492,10.1784,,"CPU-1T"
"samsung","SM-A336E","14",34,"s5e8825",8,"yolo11n_640","IMG_4007-MOV_out0082_png.rf.7bbdf7cb3b519eb3ae5d2c2185311585.jpg",640,2,15,"127-toc-do-toi-da-40",0.4092,493.2238,401.6345,505.0260,420.1294,89.7688,345.4609,439.3805,105.8298,249.4492,280.9492,10.1784,,"CPU-1T"
"samsung","SM-A336E","14",34,"s5e8825",8,"yolo11n_640","IMG_4007-MOV_out0082_png.rf.7bbdf7cb3b519eb3ae5d2c2185311585.jpg",640,3,34,"207-giao-nhau-voi-duong-khong-uu-tien",0.3579,493.5377,385.1830,505.0319,400.0194,89.7688,345.4609,439.3805,105.8298,249.4492,280.9492,10.1784,,"CPU-1T"
"samsung","SM-A336E","14",34,"s5e8825",8,"yolo11n_640","IMG_4024-MOV_out0253_png.rf.503a4c4d1be9d04bb29a2d681fd63cf8.jpg",640,0,0,"102-cam-di-nguoc-chieu",0.9851,233.3208,438.4115,252.8949,484.8029,88.4583,350.9845,444.0597,106.5157,251.1934,282.6172,10.1784,,"CPU-1T"
"samsung","SM-A336E","14",34,"s5e8825",8,"yolo11n_640","IMG_4024-MOV_out0253_png.rf.503a4c4d1be9d04bb29a2d681fd63cf8.jpg",640,1,48,"302a-huong-phai-di-vong-chuong-ngai-vat-1",0.9833,232.9156,486.5486,254.8675,532.3513,88.4583,350.9845,444.0597,106.5157,251.1934,282.6172,10.1784,,"CPU-1T"
"samsung","SM-A336E","14",34,"s5e8825",8,"yolo11n_640","IMG_4024-MOV_out0253_png.rf.503a4c4d1be9d04bb29a2d681fd63cf8.jpg",640,2,17,"127-toc-do-toi-da-60",0.9206,508.6429,241.4935,533.1661,289.4121,88.4583,350.9845,444.0597,106.5157,251.1934,282.6172,10.1784,,"CPU-1T"
"samsung","SM-A336E","14",34,"s5e8825",8,"yolo11n_640","IMG_4024-MOV_out0253_png.rf.503a4c4d1be9d04bb29a2d681fd63cf8.jpg",640,3,19,"127-toc-do-toi-da-80",0.9158,409.5674,252.8694,432.7042,300.0571,88.4583,350.9845,444.0597,106.5157,251.1934,282.6172,10.1784,,"CPU-1T"
"samsung","SM-A336E","14",34,"s5e8825",8,"yolo11n_640","IMG_4028-MOV_out0011_png.rf.a99e3f8eb0f391dc63d04a13f66c7d92.jpg",640,0,19,"127-toc-do-toi-da-80",0.9583,308.7939,117.9001,361.6304,208.2822,88.5363,350.1561,443.0570,106.5309,252.9219,284.2617,10.1784,,"CPU-1T"
"samsung","SM-A336E","14",34,"s5e8825",8,"yolo11n_640","IMG_4028-MOV_out0011_png.rf.a99e3f8eb0f391dc63d04a13f66c7d92.jpg",640,1,22,"130-cam-dung-va-do-xe",0.9346,430.8746,271.5799,485.3855,362.1679,88.5363,350.1561,443.0570,106.5309,252.9219,284.2617,10.1784,,"CPU-1T"
"samsung","SM-A336E","14",34,"s5e8825",8,"yolo11n_640","IMG_4028-MOV_out0011_png.rf.a99e3f8eb0f391dc63d04a13f66c7d92.jpg",640,2,17,"127-toc-do-toi-da-60",0.9299,368.4636,112.2711,421.8962,203.4423,88.5363,350.1561,443.0570,106.5309,252.9219,284.2617,10.1784,,"CPU-1T"
"samsung","SM-A336E","14",34,"s5e8825",8,"yolo11n_640","IMG_4032-MOV_out0046_png.rf.2ee7f103233cddca5730e99df4bb569a.jpg",640,0,1,"103a-cam-oto",0.9991,173.6650,163.4719,241.9001,279.9769,88.7461,359.9048,453.6011,105.8183,254.6484,286.1523,10.1784,,"CPU-1T"
"samsung","SM-A336E","14",34,"s5e8825",8,"yolo11n_640","IMG_4032-MOV_out0046_png.rf.2ee7f103233cddca5730e99df4bb569a.jpg",640,1,32,"203-duong-bi-hep",0.9901,68.8611,388.7524,136.2164,495.7982,88.7461,359.9048,453.6011,105.8183,254.6484,286.1523,10.1784,,"CPU-1T"
"samsung","SM-A336E","14",34,"s5e8825",8,"yolo11n_640","IMG_4032-MOV_out0046_png.rf.2ee7f103233cddca5730e99df4bb569a.jpg",640,2,40,"227-cong-truong",0.9889,242.9304,424.9303,310.0176,530.4151,88.7461,359.9048,453.6011,105.8183,254.6484,286.1523,10.1784,,"CPU-1T"
"samsung","SM-A336E","14",34,"s5e8825",8,"yolo11n_640","IMG_4032-MOV_out0046_png.rf.2ee7f103233cddca5730e99df4bb569a.jpg",640,3,44,"301c-cac-xe-chi-duoc-re-trai",0.9635,152.0020,399.0362,220.6530,510.4467,88.7461,359.9048,453.6011,105.8183,254.6484,286.1523,10.1784,,"CPU-1T"
"samsung","SM-A336E","14",34,"s5e8825",8,"yolo11n_640","IMG_4041-MOV_out0020_png.rf.91d13da17f2f3d6f9c8ffdd204463ac2.jpg",640,0,31,"201-cho-ngoat-nguy-hiem",0.9180,139.1314,215.4729,220.0863,343.7860,89.0934,349.5317,442.7090,106.1632,256.3477,287.7852,10.1784,,"CPU-1T"
"samsung","SM-A336E","14",34,"s5e8825",8,"yolo11n_640","IMG_4041-MOV_out0020_png.rf.91d13da17f2f3d6f9c8ffdd204463ac2.jpg",640,1,32,"203-duong-bi-hep",0.7687,140.4677,216.4591,220.2769,346.1964,89.0934,349.5317,442.7090,106.1632,256.3477,287.7852,10.1784,,"CPU-1T"
"samsung","SM-A336E","14",34,"s5e8825",8,"yolo11n_640","IMG_4047-MOV_out0012_png.rf.09ca70977f0bc67b6fa6c76255a2f296.jpg",640,0,41,"245-di-cham",0.8920,205.1152,315.2336,240.7619,370.2980,88.6827,345.7741,438.8375,106.6440,258.1416,289.6250,10.1784,,"CPU-1T"
"samsung","SM-A336E","14",34,"s5e8825",8,"yolo11n_640","IMG_4047-MOV_out0012_png.rf.09ca70977f0bc67b6fa6c76255a2f296.jpg",640,1,34,"207-giao-nhau-voi-duong-khong-uu-tien",0.8781,203.3330,256.9515,241.7484,311.3574,88.6827,345.7741,438.8375,106.6440,258.1416,289.6250,10.1784,,"CPU-1T"
"samsung","SM-A336E","14",34,"s5e8825",8,"yolo11n_640","IMG_4047-MOV_out0012_png.rf.09ca70977f0bc67b6fa6c76255a2f296.jpg",640,2,6,"123a-cam-re-trai",0.8314,106.8637,355.1888,125.4088,385.3435,88.6827,345.7741,438.8375,106.6440,258.1416,289.6250,10.1784,,"CPU-1T"
"samsung","SM-A336E","14",34,"s5e8825",8,"yolo11n_640","IMG_4047-MOV_out0012_png.rf.09ca70977f0bc67b6fa6c76255a2f296.jpg",640,3,6,"123a-cam-re-trai",0.5199,144.0328,331.7924,174.8451,381.3747,88.6827,345.7741,438.8375,106.6440,258.1416,289.6250,10.1784,,"CPU-1T"
"samsung","SM-A336E","14",34,"s5e8825",8,"yolo11n_640","IMG_4049-MOV_out0023_png.rf.176dec9b6c99c3073e95282376af54d4.jpg",640,0,22,"130-cam-dung-va-do-xe",0.9358,135.6271,59.2551,201.6486,171.6415,88.9125,347.9025,441.2102,106.7495,259.7979,291.2031,10.1784,,"CPU-1T"
"samsung","SM-A336E","14",34,"s5e8825",8,"yolo11n_640","IMG_4049-MOV_out0023_png.rf.176dec9b6c99c3073e95282376af54d4.jpg",640,1,16,"127-toc-do-toi-da-50",0.9053,373.1500,332.3700,387.7899,354.6076,88.9125,347.9025,441.2102,106.7495,259.7979,291.2031,10.1784,,"CPU-1T"
"samsung","SM-A336E","14",34,"s5e8825",8,"yolo11n_640","IMG_4049-MOV_out0023_png.rf.176dec9b6c99c3073e95282376af54d4.jpg",640,2,16,"127-toc-do-toi-da-50",0.8493,273.3638,334.6780,287.5978,357.6759,88.9125,347.9025,441.2102,106.7495,259.7979,291.2031,10.1784,,"CPU-1T"
"samsung","SM-A336E","14",34,"s5e8825",8,"yolo11n_640","IMG_4049-MOV_out0023_png.rf.176dec9b6c99c3073e95282376af54d4.jpg",640,3,19,"127-toc-do-toi-da-80",0.6838,93.8593,367.0754,112.0937,396.7643,88.9125,347.9025,441.2102,106.7495,259.7979,291.2031,10.1784,,"CPU-1T"
"samsung","SM-A336E","14",34,"s5e8825",8,"yolo11n_640","IMG_4049-MOV_out0023_png.rf.176dec9b6c99c3073e95282376af54d4.jpg",640,4,31,"201-cho-ngoat-nguy-hiem",0.2700,505.7174,500.7231,523.7190,526.1357,88.9125,347.9025,441.2102,106.7495,259.7979,291.2031,10.1784,,"CPU-1T"
"samsung","SM-A336E","14",34,"s5e8825",8,"yolo11n_640","IMG_4051-MOV_out0049_png.rf.0cdced0af44df2b18e13adfddda976bb.jpg",640,0,41,"245-di-cham",0.8120,246.2855,153.7530,337.1024,289.9747,92.3507,360.4536,456.6884,114.7378,202.2197,233.7930,10.1784,,"CPU-1T"
"samsung","SM-A336E","14",34,"s5e8825",8,"yolo11n_640","IMG_4051-MOV_out0052_png.rf.c7fb9ae66a6356120ecff9f0903bb4a1.jpg",640,0,41,"245-di-cham",0.9843,324.9767,123.0654,403.3383,248.7545,88.4965,347.8264,440.2092,106.0845,202.7236,234.2422,10.1784,,"CPU-1T"
"samsung","SM-A336E","14",34,"s5e8825",8,"yolo11n_640","IMG_4052-MOV_out0095_png.rf.cd837ddfd7779c6029cf8843e67a522d.jpg",640,0,31,"201-cho-ngoat-nguy-hiem",0.9732,254.8645,257.0145,288.1267,305.3395,88.2203,352.4530,444.6498,106.1494,204.4072,236.1016,10.1784,,"CPU-1T"
"samsung","SM-A336E","14",34,"s5e8825",8,"yolo11n_640","IMG_4055-MOV_out0002_png.rf.94c5ef6aa29fbe4784d4de3f78f2b683.jpg",640,0,16,"127-toc-do-toi-da-50",0.9818,216.2330,134.5130,281.2105,246.3938,88.1128,346.8601,439.3535,106.5188,206.0947,237.7188,10.1784,,"CPU-1T"
"samsung","SM-A336E","14",34,"s5e8825",8,"yolo11n_640","IMG_4055-MOV_out0002_png.rf.94c5ef6aa29fbe4784d4de3f78f2b683.jpg",640,1,23,"131a-cam-do-xe",0.9420,76.8161,337.2853,122.6388,412.2404,88.1128,346.8601,439.3535,106.5188,206.0947,237.7188,10.1784,,"CPU-1T"
"samsung","SM-A336E","14",34,"s5e8825",8,"yolo11n_640","IMG_4055-MOV_out0002_png.rf.94c5ef6aa29fbe4784d4de3f78f2b683.jpg",640,2,16,"127-toc-do-toi-da-50",0.9308,292.7714,140.4286,346.4147,254.1316,88.1128,346.8601,439.3535,106.5188,206.0947,237.7188,10.1784,,"CPU-1T"
"samsung","SM-A336E","14",34,"s5e8825",8,"yolo11n_640","IMG_4063-MOV_out0014_png.rf.f12c9a9d9bc1a12865d7f0d9c2699bd2.jpg",640,0,0,"102-cam-di-nguoc-chieu",0.9995,251.9386,0.0000,417.5104,261.0118,88.3190,345.7125,438.3042,106.0893,207.8447,239.3867,10.1784,,"CPU-1T"
"samsung","SM-A336E","14",34,"s5e8825",8,"yolo11n_640","IMG_4063-MOV_out0014_png.rf.f12c9a9d9bc1a12865d7f0d9c2699bd2.jpg",640,1,48,"302a-huong-phai-di-vong-chuong-ngai-vat-1",0.9545,245.9458,282.8255,418.5219,544.4262,88.3190,345.7125,438.3042,106.0893,207.8447,239.3867,10.1784,,"CPU-1T"
"samsung","SM-A336E","14",34,"s5e8825",8,"yolo11n_640","IMG_4068-MOV_out0014_png.rf.46899b0d6413e15a0ae59681905e76ea.jpg",640,0,23,"131a-cam-do-xe",0.8555,449.3115,407.2853,469.6698,439.3286,88.0120,347.0885,439.2085,106.3264,209.5791,241.0117,10.1784,,"CPU-1T"
"samsung","SM-A336E","14",34,"s5e8825",8,"yolo11n_640","IMG_4088-MOV_out0008_png.rf.d90b9e2562e7f2317a06cd60967c20b2.jpg",640,0,22,"130-cam-dung-va-do-xe",0.9536,135.0619,200.0590,217.0312,344.5948,88.6822,355.0117,447.6828,107.2175,211.2773,242.6172,10.1784,,"CPU-1T"
"samsung","SM-A336E","14",34,"s5e8825",8,"yolo11n_640","IMG_4090-MOV_out0026_png.rf.878b7d031dda48c5609c1198ec6054fa.jpg",640,0,22,"130-cam-dung-va-do-xe",0.9336,243.1489,259.4730,324.0341,403.2921,88.5875,348.9743,441.6603,106.6417,212.9805,244.2266,10.1784,,"CPU-1T"
"samsung","SM-A336E","14",34,"s5e8825",8,"yolo11n_640","IMG_4090-MOV_out0026_png.rf.878b7d031dda48c5609c1198ec6054fa.jpg",640,1,23,"131a-cam-do-xe",0.8852,24.7430,528.2164,53.8810,576.9816,88.5875,348.9743,441.6603,106.6417,212.9805,244.2266,10.1784,,"CPU-1T"
"samsung","SM-A336E","14",34,"s5e8825",8,"yolo11n_640","IMG_4090-MOV_out0027_png.rf.88dba89fb23debf0a97ce44daab9bfb2.jpg",640,0,22,"130-cam-dung-va-do-xe",0.9614,235.4585,207.1015,323.9919,358.2747,88.3622,360.3750,453.6276,106.6941,214.6836,245.8477,10.1784,,"CPU-1T"
"samsung","SM-A336E","14",34,"s5e8825",8,"yolo11n_640","IMG_4090-MOV_out0027_png.rf.88dba89fb23debf0a97ce44daab9bfb2.jpg",640,1,23,"131a-cam-do-xe",0.9282,0.2339,495.4242,29.0068,545.5770,88.3622,360.3750,453.6276,106.6941,214.6836,245.8477,10.1784,,"CPU-1T"
"samsung","SM-A336E","14",34,"s5e8825",8,"yolo11n_640","IMG_4092-MOV_out0022_png.rf.713fb9936736c64cf149876cc11b2222.jpg",640,0,10,"124c-cam-re-trai-va-cam-quay-dau-xe",0.9941,89.0108,263.1580,221.9614,509.7079,88.0442,347.9753,440.2092,106.3117,216.3945,247.4688,10.1784,,"CPU-1T"
"samsung","SM-A336E","14",34,"s5e8825",8,"yolo11n_640","IMG_4094-MOV_out0042_png.rf.87f31848eb608dff4b9db2d8af1394c0.jpg",640,0,23,"131a-cam-do-xe",0.9595,282.1525,158.4890,420.8764,404.3273,87.9357,350.9214,442.7558,105.7005,218.0977,249.8203,10.1784,,"CPU-1T"
"samsung","SM-A336E","14",34,"s5e8825",8,"yolo11n_640","IMG_4102-MOV_out0004_png.rf.a8ff3f3168fed99a978b85593b5ae2d7.jpg",640,0,23,"131a-cam-do-xe",0.9843,77.6688,205.8281,224.5570,466.6942,88.3253,354.5529,446.9806,106.0435,219.7852,251.4336,10.1784,,"CPU-1T"
"samsung","SM-A336E","14",34,"s5e8825",8,"yolo11n_640","IMG_4112-MOV_out0033_png.rf.e613a1f06ff12b7a34f8ec255aeacb89.jpg",640,0,19,"127-toc-do-toi-da-80",0.9467,215.8918,160.4359,255.5142,228.9654,88.0543,352.8923,445.8151,105.6478,221.4688,253.0430,10.1784,,"CPU-1T"
"samsung","SM-A336E","14",34,"s5e8825",8,"yolo11n_640","IMG_4112-MOV_out0033_png.rf.e613a1f06ff12b7a34f8ec255aeacb89.jpg",640,1,16,"127-toc-do-toi-da-50",0.9439,363.0413,173.5559,394.8588,224.3919,88.0543,352.8923,445.8151,105.6478,221.4688,253.0430,10.1784,,"CPU-1T"
"samsung","SM-A336E","14",34,"s5e8825",8,"yolo11n_640","IMG_4112-MOV_out0033_png.rf.e613a1f06ff12b7a34f8ec255aeacb89.jpg",640,2,17,"127-toc-do-toi-da-60",0.9268,272.2510,142.7235,313.1708,210.9015,88.0543,352.8923,445.8151,105.6478,221.4688,253.0430,10.1784,,"CPU-1T"
"samsung","SM-A336E","14",34,"s5e8825",8,"yolo11n_640","IMG_4112-MOV_out0033_png.rf.e613a1f06ff12b7a34f8ec255aeacb89.jpg",640,3,22,"130-cam-dung-va-do-xe",0.9008,269.7023,370.2578,300.2473,418.5707,88.0543,352.8923,445.8151,105.6478,221.4688,253.0430,10.1784,,"CPU-1T"
"samsung","SM-A336E","14",34,"s5e8825",8,"yolo11n_640","IMG_4112-MOV_out0033_png.rf.e613a1f06ff12b7a34f8ec255aeacb89.jpg",640,4,22,"130-cam-dung-va-do-xe",0.7730,579.3103,447.6945,600.2117,481.0245,88.0543,352.8923,445.8151,105.6478,221.4688,253.0430,10.1784,,"CPU-1T"
"samsung","SM-A336E","14",34,"s5e8825",8,"yolo11n_640","IMG_4122-MOV_out0005_png.rf.1f4d23954e1988995727f1a64e6cbbbc.jpg",640,0,23,"131a-cam-do-xe",0.9491,286.8944,207.9168,358.3469,338.7804,88.4818,350.0601,443.1418,105.3822,223.1836,254.6992,10.1784,,"CPU-1T"
"samsung","SM-A336E","14",34,"s5e8825",8,"yolo11n_640","IMG_4122-MOV_out0064_png.rf.af462c333d954aee4ca15a655354abe5.jpg",640,0,23,"131a-cam-do-xe",0.9449,70.0948,323.3900,151.9850,459.1188,88.1755,347.0007,439.6578,104.6254,224.8594,256.3125,10.1784,,"CPU-1T"
"samsung","SM-A336E","14",34,"s5e8825",8,"yolo11n_640","IMG_4139-MOV_out0005_png.rf.97b28cd0c0f71780403c4b84d24d8a4a.jpg",640,0,39,"225-chu-y-tre-em",0.9796,294.5242,161.8199,343.2285,242.7961,88.5715,349.3110,442.0713,104.9589,226.5469,258.1719,10.1784,,"CPU-1T"
"samsung","SM-A336E","14",34,"s5e8825",8,"yolo11n_640","IMG_4139-MOV_out0005_png.rf.97b28cd0c0f71780403c4b84d24d8a4a.jpg",640,1,41,"245-di-cham",0.9635,298.1136,250.9593,343.0496,332.4246,88.5715,349.3110,442.0713,104.9589,226.5469,258.1719,10.1784,,"CPU-1T"
"samsung","SM-A336E","14",34,"s5e8825",8,"yolo11n_640","IMG_4146-MOV_out0029_png.rf.0daaf2020136bcd3f298eaf75ce59ef8.jpg",640,0,22,"130-cam-dung-va-do-xe",0.8135,103.2307,187.4965,134.5868,237.5204,88.2447,352.4720,444.6201,106.6065,228.3203,259.8594,10.1784,,"CPU-1T"
"samsung","SM-A336E","14",34,"s5e8825",8,"yolo11n_640","IMG_4153-MOV_out0027_png.rf.3b489fae87650e101d30d5c6a41cfc9f.jpg",640,0,19,"127-toc-do-toi-da-80",0.9741,83.9329,185.7249,133.2216,270.3442,88.3062,348.8588,441.8827,107.0397,230.0000,261.4648,10.1784,,"CPU-1T"
"samsung","SM-A336E","14",34,"s5e8825",8,"yolo11n_640","IMG_4153-MOV_out0027_png.rf.3b489fae87650e101d30d5c6a41cfc9f.jpg",640,1,17,"127-toc-do-toi-da-60",0.9719,135.3402,188.2547,182.6051,272.4379,88.3062,348.8588,441.8827,107.0397,230.0000,261.4648,10.1784,,"CPU-1T"
"samsung","SM-A336E","14",34,"s5e8825",8,"yolo11n_640","IMG_4153-MOV_out0027_png.rf.3b489fae87650e101d30d5c6a41cfc9f.jpg",640,2,16,"127-toc-do-toi-da-50",0.8921,445.0990,271.8746,494.6532,356.4442,88.3062,348.8588,441.8827,107.0397,230.0000,261.4648,10.1784,,"CPU-1T"
"samsung","SM-A336E","14",34,"s5e8825",8,"yolo11n_640","IMG_4153-MOV_out0027_png.rf.3b489fae87650e101d30d5c6a41cfc9f.jpg",640,3,22,"130-cam-dung-va-do-xe",0.7710,535.0573,624.9886,548.0436,639.9592,88.3062,348.8588,441.8827,107.0397,230.0000,261.4648,10.1784,,"CPU-1T"
"samsung","SM-A336E","14",34,"s5e8825",8,"yolo11n_640","IMG_4153-MOV_out0027_png.rf.3b489fae87650e101d30d5c6a41cfc9f.jpg",640,4,22,"130-cam-dung-va-do-xe",0.7347,378.2872,514.3355,394.3684,540.4008,88.3062,348.8588,441.8827,107.0397,230.0000,261.4648,10.1784,,"CPU-1T"
"samsung","SM-A336E","14",34,"s5e8825",8,"yolo11n_640","IMG_4156-MOV_out0004_png.rf.258de781248cb979aa7860533b259be6.jpg",640,0,8,"124a-cam-quay-dau-xe",0.8023,150.4738,268.8029,185.8246,326.5867,89.0848,350.3523,443.7297,105.6936,231.7266,263.1211,10.1784,,"CPU-1T"
"samsung","SM-A336E","14",34,"s5e8825",8,"yolo11n_640","IMG_4160-MOV_out0006_png.rf.d24a9a545520174ba55c97aecd39172b.jpg",640,0,22,"130-cam-dung-va-do-xe",0.9501,141.2129,221.6097,178.9910,283.4791,88.3382,351.8461,444.5165,106.4064,233.4023,264.7266,10.1784,,"CPU-1T"
"samsung","SM-A336E","14",34,"s5e8825",8,"yolo11n_640","IMG_4160-MOV_out0006_png.rf.d24a9a545520174ba55c97aecd39172b.jpg",640,1,23,"131a-cam-do-xe",0.8966,425.0012,357.4957,454.7513,405.9875,88.3382,351.8461,444.5165,106.4064,233.4023,264.7266,10.1784,,"CPU-1T"
"samsung","SM-A336E","14",34,"s5e8825",8,"yolo11n_640","IMG_4169-MOV_out0007_png.rf.2b7f1fe993d9f4ca54cf4c7d456f9a32.jpg",640,0,31,"201-cho-ngoat-nguy-hiem",0.9875,62.5036,50.1455,262.7437,373.2444,88.6798,349.9358,442.6116,105.7347,235.0742,266.3477,10.1784,,"CPU-1T"
"samsung","SM-A336E","14",34,"s5e8825",8,"yolo11n_640","IMG_4186-MOV_out0007_png.rf.1917a5c7b2cfe606bae80b1d817bf0f2.jpg",640,0,30,"137-cam-re-trai-va-re-phai",0.9788,181.5668,519.9377,225.7707,594.4537,88.3028,350.6905,443.2991,105.7959,236.7695,268.2070,10.1784,,"CPU-1T"
"samsung","SM-A336E","14",34,"s5e8825",8,"yolo11n_640","IMG_4186-MOV_out0007_png.rf.1917a5c7b2cfe606bae80b1d817bf0f2.jpg",640,1,23,"131a-cam-do-xe",0.9195,183.0741,441.9688,227.8970,517.0122,88.3028,350.6905,443.2991,105.7959,236.7695,268.2070,10.1784,,"CPU-1T"
"samsung","SM-A336E","14",34,"s5e8825",8,"yolo11n_640","IMG_4186-MOV_out0007_png.rf.1917a5c7b2cfe606bae80b1d817bf0f2.jpg",640,2,0,"102-cam-di-nguoc-chieu",0.7009,9.8665,610.1930,27.9880,640.0000,88.3028,350.6905,443.2991,105.7959,236.7695,268.2070,10.1784,,"CPU-1T"
"samsung","SM-A336E","14",34,"s5e8825",8,"yolo11n_640","IMG_4200-MOV_out0029_png.rf.0fb9f2aa37e8780adb2e719bb0d542bf.jpg",640,0,36,"209-giao-nhau-co-tin-hieu-den",0.9967,15.6822,0.0000,383.7506,640.0000,88.2649,348.9063,441.6963,105.5009,238.4609,270.1016,10.1784,,"CPU-1T"
"samsung","SM-A336E","14",34,"s5e8825",8,"yolo11n_640","IMG_4215-MOV_out0030_png.rf.ee7ce2f58d7f466d4ac5f502e75f7226.jpg",640,0,33,"205-duong-giao-nhau",0.8427,373.7049,197.5408,427.1170,277.4936,88.4884,350.4692,442.9425,105.6505,240.1055,271.7109,10.1784,,"CPU-1T"
"samsung","SM-A336E","14",34,"s5e8825",8,"yolo11n_640","IMG_4215-MOV_out0062_png.rf.3674eafd2b4fdfccc3e09fc9b26e7975.jpg",640,0,48,"302a-huong-phai-di-vong-chuong-ngai-vat-1",0.9871,348.8257,400.0853,426.9262,537.9246,87.9438,351.0800,443.1635,105.6030,241.7773,273.3164,10.1784,,"CPU-1T"
"samsung","SM-A336E","14",34,"s5e8825",8,"yolo11n_640","IMG_4215-MOV_out0062_png.rf.3674eafd2b4fdfccc3e09fc9b26e7975.jpg",640,1,0,"102-cam-di-nguoc-chieu",0.9680,351.4452,260.8890,429.8439,398.6269,87.9438,351.0800,443.1635,105.6030,241.7773,273.3164,10.1784,,"CPU-1T"
"samsung","SM-A336E","14",34,"s5e8825",8,"yolo11n_640","IMG_4218-MOV_out0006_png.rf.e57c98fe37e1ee748a41cbcc0fe9e60e.jpg",640,0,33,"205-duong-giao-nhau",0.9709,231.9979,372.7419,261.0809,418.2743,88.1333,352.2378,445.1138,106.2608,243.4766,274.9375,10.1784,,"CPU-1T"
"samsung","SM-A336E","14",34,"s5e8825",8,"yolo11n_640","IMG_4218-MOV_out0006_png.rf.e57c98fe37e1ee748a41cbcc0fe9e60e.jpg",640,1,0,"102-cam-di-nguoc-chieu",0.9664,0.0701,420.8026,14.4836,449.6837,88.1333,352.2378,445.1138,106.2608,243.4766,274.9375,10.1784,,"CPU-1T"
"samsung","SM-A336E","14",34,"s5e8825",8,"yolo11n_640","IMG_4218-MOV_out0006_png.rf.e57c98fe37e1ee748a41cbcc0fe9e60e.jpg",640,2,48,"302a-huong-phai-di-vong-chuong-ngai-vat-1",0.9652,0.0000,451.1157,14.3852,477.2736,88.1333,352.2378,445.1138,106.2608,243.4766,274.9375,10.1784,,"CPU-1T"
"samsung","SM-A336E","14",34,"s5e8825",8,"yolo11n_640","IMG_4218-MOV_out0006_png.rf.e57c98fe37e1ee748a41cbcc0fe9e60e.jpg",640,3,35,"208-giao-nhau-voi-duong-uu-tien",0.9397,232.0930,325.0236,263.2478,367.3190,88.1333,352.2378,445.1138,106.2608,243.4766,274.9375,10.1784,,"CPU-1T"
"samsung","SM-A336E","14",34,"s5e8825",8,"yolo11n_640","IMG_4218-MOV_out0006_png.rf.e57c98fe37e1ee748a41cbcc0fe9e60e.jpg",640,4,15,"127-toc-do-toi-da-40",0.9068,229.9910,425.9590,263.1047,476.9285,88.1333,352.2378,445.1138,106.2608,243.4766,274.9375,10.1784,,"CPU-1T"
"samsung","SM-A336E","14",34,"s5e8825",8,"yolo11n_640","MOV00728_mp4-0007_jpg.rf.9a2474f55178eaf5357d93dfbd910e22.jpg",640,0,53,"421-ket-thuc-khu-dong-dan-cu",0.8843,487.9359,53.2147,541.9207,144.1657,88.1976,346.1752,438.6401,105.7801,245.1758,276.5898,10.1784,,"CPU-1T"
"samsung","SM-A336E","14",34,"s5e8825",8,"yolo11n_640","MOV00732_mp4-0000_jpg.rf.b5cbb3eb96c921d963af9dcde7c08376.jpg",640,0,41,"245-di-cham",0.8892,430.8790,76.5265,449.7193,106.7525,88.2465,349.1230,441.4511,105.5594,246.8594,278.1992,10.1784,,"CPU-1T"
"samsung","SM-A336E","14",34,"s5e8825",8,"yolo11n_640","MOV00732_mp4-0000_jpg.rf.b5cbb3eb96c921d963af9dcde7c08376.jpg",640,1,38,"224-duong-nguoi-di-bo-cat-ngang",0.5010,430.4441,110.9750,452.0122,143.6190,88.2465,349.1230,441.4511,105.5594,246.8594,278.1992,10.1784,,"CPU-1T"
"samsung","SM-A336E","14",34,"s5e8825",8,"yolo11n_640","NO20250629-160524-000060F_f01836_jpg.rf.e7d99b92332fab1542b1491d4f57523a.jpg",640,0,22,"130-cam-dung-va-do-xe",0.8326,1624.0803,762.7477,1696.6261,834.6142,93.8172,361.0897,459.0773,116.3187,219.6250,251.0156,10.1784,,"CPU-1T"
"samsung","SM-A336E","14",34,"s5e8825",8,"yolo11n_640","NO20250710-170649-000005F_f03588_jpg.rf.fe490bfaf5cd21106fe7a2a7b795521f.jpg",640,0,9,"124b-cam-oto-quay-dau-xe",0.8305,1715.0194,837.4281,1760.2111,880.8954,90.3550,355.6271,450.2293,106.1667,220.3516,251.9375,10.1784,,"CPU-1T"
"samsung","SM-A336E","14",34,"s5e8825",8,"yolo11n_640","NO20250710-170649-000005F_f03588_jpg.rf.fe490bfaf5cd21106fe7a2a7b795521f.jpg",640,1,54,"423a-duong-nguoi-di-bo-sang-ngang-1",0.8166,1997.6509,868.3043,2060.8911,941.7416,90.3550,355.6271,450.2293,106.1667,220.3516,251.9375,10.1784,,"CPU-1T"
"samsung","SM-A336E","14",34,"s5e8825",8,"yolo11n_640","NO20250710-170649-000005F_f03588_jpg.rf.fe490bfaf5cd21106fe7a2a7b795521f.jpg",640,2,37,"221-duong-go-ghe",0.2904,2000.1898,801.2426,2058.5583,858.4854,90.3550,355.6271,450.2293,106.1667,220.3516,251.9375,10.1784,,"CPU-1T"
"samsung","SM-A336E","14",34,"s5e8825",8,"yolo11n_640","NO20250712-170157-000088F_f00494_jpg.rf.c37edfad4641bfb747f5a2686ad5b113.jpg",640,0,50,"306-toc-do-toi-thieu-60",0.8466,1303.9417,866.8553,1339.4657,901.2858,90.3487,349.1707,443.4798,105.9677,222.0781,253.5625,10.1784,,"CPU-1T"
"samsung","SM-A336E","14",34,"s5e8825",8,"yolo11n_640","NO20250712-170157-000088F_f00494_jpg.rf.c37edfad4641bfb747f5a2686ad5b113.jpg",640,1,20,"127-toc-do-toi-da-90",0.8193,1235.2799,864.3944,1273.4310,903.0800,90.3487,349.1707,443.4798,105.9677,222.0781,253.5625,10.1784,,"CPU-1T"
"samsung","SM-A336E","14",34,"s5e8825",8,"yolo11n_640","Tua-n-Khanh-1968-online-video-cutter_com-_mp4-0112_jpg.rf.8fce825012051f902d66d1dd19ef8bb7.jpg",640,0,14,"127-toc-do-toi-da-30",0.9353,282.7458,262.0123,328.8792,288.7299,89.4342,351.7682,445.9337,105.1693,206.1133,237.5313,10.1784,,"CPU-1T"
"samsung","SM-A336E","14",34,"s5e8825",8,"yolo11n_640","Tua-n-Khanh-1968-online-video-cutter_com-_mp4-0138_jpg.rf.e47a884fcd76e6cafb53643de1017bc6.jpg",640,0,14,"127-toc-do-toi-da-30",0.9595,325.7836,230.9276,385.8287,266.5441,88.4612,360.5607,452.8983,105.7619,207.8242,239.1367,10.1784,,"CPU-1T"
"samsung","SM-A336E","14",34,"s5e8825",8,"yolo11n_640","ch0_20250430101655_20250430101955_f01670_jpg.rf.d6ff095299d7c2bbf492f0669090f6a8.jpg",640,0,54,"423a-duong-nguoi-di-bo-sang-ngang-1",0.9134,1276.5327,660.7007,1320.3146,706.6185,89.7785,357.8973,451.5031,106.0887,217.5586,249.1992,10.1784,,"CPU-1T"
"samsung","SM-A336E","14",34,"s5e8825",8,"yolo11n_640","ch0_20250430104659_20250430104959_f03780_jpg.rf.65565d95b7a5537f767c535dc4e16cd0.jpg",640,0,54,"423a-duong-nguoi-di-bo-sang-ngang-1",0.9037,1323.2478,667.3828,1374.2959,719.0131,89.3502,346.2775,439.6453,105.7655,220.9336,252.6523,10.1784,,"CPU-1T"
"samsung","SM-A336E","14",34,"s5e8825",8,"yolo11n_640","ch0_20250430105300_20250430105600_f01818_jpg.rf.cf5f087c0b376cff623398bedca0f505.jpg",640,0,22,"130-cam-dung-va-do-xe",0.4985,1382.9630,612.2714,1423.4771,658.7761,89.3404,350.6776,443.9241,105.8727,225.9805,257.4648,10.1784,,"CPU-1T"
"samsung","SM-A336E","14",34,"s5e8825",8,"yolo11n_640","ch0_20250430105300_20250430105600_f01818_jpg.rf.cf5f087c0b376cff623398bedca0f505.jpg",640,1,48,"302a-huong-phai-di-vong-chuong-ngai-vat-1",0.4424,622.8403,691.1497,648.8751,721.0974,89.3404,350.6776,443.9241,105.8727,225.9805,257.4648,10.1784,,"CPU-1T"
"samsung","SM-A336E","14",34,"s5e8825",8,"yolo11n_640","ch0_20250504150617_20250504150917_f03930_jpg.rf.68f5c2124f1b4f9e99953613121153c1.jpg",640,0,31,"201-cho-ngoat-nguy-hiem",0.3104,1608.8156,510.6945,1671.9503,588.6064,89.7027,347.2728,440.9132,105.6881,229.3125,260.6719,10.1784,,"CPU-1T"
"samsung","SM-A336E","14",34,"s5e8825",8,"yolo11n_640","ch0_20250504150617_20250504150917_f03930_jpg.rf.68f5c2124f1b4f9e99953613121153c1.jpg",640,1,38,"224-duong-nguoi-di-bo-cat-ngang",0.2872,1607.9121,512.0327,1672.1396,588.5530,89.7027,347.2728,440.9132,105.6881,229.3125,260.6719,10.1784,,"CPU-1T"
"samsung","SM-A336E","14",34,"s5e8825",8,"yolo11n_640","ch0_20250504150917_20250504151217_f01340_jpg.rf.77fa98ad4dd622017e43de43df162dd2.jpg",640,0,48,"302a-huong-phai-di-vong-chuong-ngai-vat-1",0.9787,526.8670,456.1194,648.3968,568.9244,89.4198,347.2745,440.8886,105.4677,231.0117,262.7852,10.1784,,"CPU-1T"
"samsung","SM-A336E","14",34,"s5e8825",8,"yolo11n_640","ch0_20250504150917_20250504151217_f01340_jpg.rf.77fa98ad4dd622017e43de43df162dd2.jpg",640,1,0,"102-cam-di-nguoc-chieu",0.9159,543.9498,346.4991,659.9537,457.6139,89.4198,347.2745,440.8886,105.4677,231.0117,262.7852,10.1784,,"CPU-1T"
"samsung","SM-A336E","14",34,"s5e8825",8,"yolo11n_640","ch0_20250504150917_20250504151217_f03740_jpg.rf.d23464a0849d09491280af611f02aadb.jpg",640,0,54,"423a-duong-nguoi-di-bo-sang-ngang-1",0.8545,1666.8517,608.1859,1728.2964,692.4565,89.3618,347.5916,440.8299,105.7082,232.7266,264.4180,10.1784,,"CPU-1T"
"samsung","SM-A336E","14",34,"s5e8825",8,"yolo11n_640","ch0_20250504151217_20250504151517_f00100_jpg.rf.e3c5eab93106bc5a40bd66dd23b80c50.jpg",640,0,48,"302a-huong-phai-di-vong-chuong-ngai-vat-1",0.9808,284.3660,351.0143,383.5629,476.2837,90.5342,350.0763,445.3573,105.0827,234.4219,266.0313,10.1784,,"CPU-1T"
"samsung","SM-A336E","14",34,"s5e8825",8,"yolo11n_640","ch0_20250504151217_20250504151517_f00100_jpg.rf.e3c5eab93106bc5a40bd66dd23b80c50.jpg",640,1,0,"102-cam-di-nguoc-chieu",0.9331,313.2958,229.3827,407.4360,346.4968,90.5342,350.0763,445.3573,105.0827,234.4219,266.0313,10.1784,,"CPU-1T"
"samsung","SM-A336E","14",34,"s5e8825",8,"yolo11n_640","ch0_20250504151217_20250504151517_f03230_jpg.rf.158925432bebc859c1d9f0759e35dcd1.jpg",640,0,48,"302a-huong-phai-di-vong-chuong-ngai-vat-1",0.9688,622.8911,445.8285,731.3066,552.5665,89.1816,347.9228,441.1358,106.0884,236.1328,267.9063,10.1784,,"CPU-1T"
"samsung","SM-A336E","14",34,"s5e8825",8,"yolo11n_640","ch0_20250504151217_20250504151517_f03230_jpg.rf.158925432bebc859c1d9f0759e35dcd1.jpg",640,1,0,"102-cam-di-nguoc-chieu",0.9402,635.2460,341.4250,741.8894,442.8816,89.1816,347.9228,441.1358,106.0884,236.1328,267.9063,10.1784,,"CPU-1T"
"samsung","SM-A336E","14",34,"s5e8825",8,"yolo11n_640","ch0_20250504151217_20250504151517_f04150_jpg.rf.b5dbe1e170bf594d4a67270e3afb7c43.jpg",640,0,0,"102-cam-di-nguoc-chieu",0.9429,1822.5667,586.7412,1848.5706,618.3225,89.6897,352.6912,446.4044,105.5081,237.8086,269.5234,10.1784,,"CPU-1T"
"samsung","SM-A336E","14",34,"s5e8825",8,"yolo11n_640","ch0_20250504151217_20250504151517_f04150_jpg.rf.b5dbe1e170bf594d4a67270e3afb7c43.jpg",640,1,48,"302a-huong-phai-di-vong-chuong-ngai-vat-1",0.8012,1822.0895,620.6102,1847.6869,651.8731,89.6897,352.6912,446.4044,105.5081,237.8086,269.5234,10.1784,,"CPU-1T"
"samsung","SM-A336E","14",34,"s5e8825",8,"yolo11n_640","ch0_20250504151817_20250504152117_f00860_jpg.rf.aed04b9771fccada2de65166143e3eb3.jpg",640,0,0,"102-cam-di-nguoc-chieu",0.8410,805.8194,652.2740,837.3467,683.2983,89.6757,346.7913,441.1931,106.3011,241.1719,272.7617,10.1784,,"CPU-1T"
"samsung","SM-A336E","14",34,"s5e8825",8,"yolo11n_640","ch0_20250504151817_20250504152117_f00860_jpg.rf.aed04b9771fccada2de65166143e3eb3.jpg",640,1,48,"302a-huong-phai-di-vong-chuong-ngai-vat-1",0.6669,806.4224,686.1929,839.0507,723.6884,89.6757,346.7913,441.1931,106.3011,241.1719,272.7617,10.1784,,"CPU-1T"
"samsung","SM-A336E","14",34,"s5e8825",8,"yolo11n_640","ch0_20250504151817_20250504152117_f03560_jpg.rf.fdb8dfbec5d0bef191ce8293ab736fc9.jpg",640,0,55,"437-bat-dau-duong-cao-toc",0.9817,1169.8718,95.1833,1243.6703,181.5535,89.7132,348.8881,443.3579,106.2334,242.8594,274.3789,10.1784,,"CPU-1T"
"samsung","SM-A336E","14",34,"s5e8825",8,"yolo11n_640","ch0_20250504151817_20250504152117_f03560_jpg.rf.fdb8dfbec5d0bef191ce8293ab736fc9.jpg",640,1,50,"306-toc-do-toi-thieu-60",0.9751,855.4008,235.8763,961.5698,336.0278,89.7132,348.8881,443.3579,106.2334,242.8594,274.3789,10.1784,,"CPU-1T"
"samsung","SM-A336E","14",34,"s5e8825",8,"yolo11n_640","ch0_20250504151817_20250504152117_f03560_jpg.rf.fdb8dfbec5d0bef191ce8293ab736fc9.jpg",640,2,50,"306-toc-do-toi-thieu-60",0.9573,1158.3765,227.8868,1266.2340,333.4459,89.7132,348.8881,443.3579,106.2334,242.8594,274.3789,10.1784,,"CPU-1T"
"samsung","SM-A336E","14",34,"s5e8825",8,"yolo11n_640","ch0_20250504151817_20250504152117_f03560_jpg.rf.fdb8dfbec5d0bef191ce8293ab736fc9.jpg",640,3,12,"127-toc-do-toi-da-100",0.9467,1026.5446,229.3191,1139.9473,330.9887,89.7132,348.8881,443.3579,106.2334,242.8594,274.3789,10.1784,,"CPU-1T"
"samsung","SM-A336E","14",34,"s5e8825",8,"yolo11n_640","ch0_20250504151817_20250504152117_f03560_jpg.rf.fdb8dfbec5d0bef191ce8293ab736fc9.jpg",640,4,12,"127-toc-do-toi-da-100",0.9459,731.5596,239.5901,836.4388,341.2766,89.7132,348.8881,443.3579,106.2334,242.8594,274.3789,10.1784,,"CPU-1T"
"samsung","SM-A336E","14",34,"s5e8825",8,"yolo11n_640","ch0_20250504154520_20250504154820_f02180_jpg.rf.33f076286bb1639912441813a8e67f2d.jpg",640,0,19,"127-toc-do-toi-da-80",0.6402,1303.8676,577.5081,1396.9303,674.9191,89.7125,357.5248,451.4716,106.7604,244.5703,276.2070,10.1784,,"CPU-1T"
"samsung","SM-A336E","14",34,"s5e8825",8,"yolo11n_640","ch0_20250504154520_20250504154820_f02830_jpg.rf.4ce52082b9c10ae58656589d07172f7d.jpg",640,0,56,"438-ket-thuc-duong-cao-toc",0.9074,1317.0619,111.0385,1368.4790,171.5660,89.1899,368.6052,461.8992,106.0820,246.2852,278.0625,10.1784,,"CPU-1T"
"samsung","SM-A336E","14",34,"s5e8825",8,"yolo11n_640","ch0_20250504163332_20250504163632_f02200_jpg.rf.d8084ac703bc068a0dda1e098fcc769e.jpg",640,0,48,"302a-huong-phai-di-vong-chuong-ngai-vat-1",0.9739,563.1002,478.2725,654.1558,564.8689,90.9137,358.4618,454.1235,105.0361,248.0684,279.6758,10.1784,,"CPU-1T"
"samsung","SM-A336E","14",34,"s5e8825",8,"yolo11n_640","ch0_20250504163332_20250504163632_f02200_jpg.rf.d8084ac703bc068a0dda1e098fcc769e.jpg",640,1,0,"102-cam-di-nguoc-chieu",0.9635,574.5266,388.2135,643.7228,471.6666,90.9137,358.4618,454.1235,105.0361,248.0684,279.6758,10.1784,,"CPU-1T"
"samsung","SM-A336E","14",34,"s5e8825",8,"yolo11n_640","ch0_20250504163332_20250504163632_f02200_jpg.rf.d8084ac703bc068a0dda1e098fcc769e.jpg",640,2,17,"127-toc-do-toi-da-60",0.9375,1432.4216,575.6622,1461.0872,609.8857,90.9137,358.4618,454.1235,105.0361,248.0684,279.6758,10.1784,,"CPU-1T"
"samsung","SM-A336E","14",34,"s5e8825",8,"yolo11n_640","ch0_20250504163332_20250504163632_f02200_jpg.rf.d8084ac703bc068a0dda1e098fcc769e.jpg",640,3,17,"127-toc-do-toi-da-60",0.9341,1400.8881,578.4456,1429.2017,611.1149,90.9137,358.4618,454.1235,105.0361,248.0684,279.6758,10.1784,,"CPU-1T"
"samsung","SM-A336E","14",34,"s5e8825",8,"yolo11n_640","ch0_20250504163332_20250504163632_f02200_jpg.rf.d8084ac703bc068a0dda1e098fcc769e.jpg",640,4,17,"127-toc-do-toi-da-60",0.9154,1367.7136,581.2310,1397.0184,613.4097,90.9137,358.4618,454.1235,105.0361,248.0684,279.6758,10.1784,,"CPU-1T"
"samsung","SM-A336E","14",34,"s5e8825",8,"yolo11n_640","ch0_20250504163332_20250504163632_f02200_jpg.rf.d8084ac703bc068a0dda1e098fcc769e.jpg",640,5,22,"130-cam-dung-va-do-xe",0.8132,1671.7507,376.9065,1715.4895,433.1946,90.9137,358.4618,454.1235,105.0361,248.0684,279.6758,10.1784,,"CPU-1T"
"samsung","SM-A336E","14",34,"s5e8825",8,"yolo11n_640","ch0_20250504163332_20250504163632_f02200_jpg.rf.d8084ac703bc068a0dda1e098fcc769e.jpg",640,6,23,"131a-cam-do-xe",0.6362,1693.8527,489.2822,1733.9799,548.6494,90.9137,358.4618,454.1235,105.0361,248.0684,279.6758,10.1784,,"CPU-1T"
"samsung","SM-A336E","14",34,"s5e8825",8,"yolo11n_640","ch0_20250511151404_20250511151904_f02595_jpg.rf.d921c03cdea5fbba215a16bdfda74a5f.jpg",640,0,42,"301a-cac-xe-chi-duoc-di-thang",0.8645,1437.3795,248.7922,1561.1627,382.7238,89.3435,348.9554,442.5535,105.7484,251.4824,282.9453,10.1784,,"CPU-1T"
"samsung","SM-A336E","14",34,"s5e8825",8,"yolo11n_640","ch0_20250511152904_20250511153404_f01350_jpg.rf.095a607564ebd68f6172d7114a549455.jpg",640,0,2,"103b-cam-oto-re-phai",0.8940,1543.0382,555.6083,1602.9320,627.1947,89.8087,353.7344,447.5243,106.1380,253.1504,284.5547,10.1784,,"CPU-1T"
"samsung","SM-A336E","14",34,"s5e8825",8,"yolo11n_640","ch0_20250511152904_20250511153404_f01350_jpg.rf.095a607564ebd68f6172d7114a549455.jpg",640,1,3,"103c-cam-oto-re-trai",0.8282,1534.4430,479.7998,1597.3862,552.3749,89.8087,353.7344,447.5243,106.1380,253.1504,284.5547,10.1784,,"CPU-1T"
"samsung","SM-A336E","14",34,"s5e8825",8,"yolo11n_640","ch0_20250511153904_20250511154404_f02640_jpg.rf.a47a398c69b0b006451dac1cd622f542.jpg",640,0,0,"102-cam-di-nguoc-chieu",0.9583,450.7830,556.8388,483.4472,606.2670,89.7355,344.3860,438.1193,106.5907,254.8145,286.1719,10.1784,,"CPU-1T"
"samsung","SM-A336E","14",34,"s5e8825",8,"yolo11n_640","ch0_20250511153904_20250511154404_f02640_jpg.rf.a47a398c69b0b006451dac1cd622f542.jpg",640,1,48,"302a-huong-phai-di-vong-chuong-ngai-vat-1",0.9577,448.9180,609.3776,480.9814,658.3458,89.7355,344.3860,438.1193,106.5907,254.8145,286.1719,10.1784,,"CPU-1T"
"samsung","SM-A336E","14",34,"s5e8825",8,"yolo11n_640","ch0_20250511161258_20250511161758_f01807_jpg.rf.338d12bdbeda47bf65b2aaa154ccdc54.jpg",640,0,23,"131a-cam-do-xe",0.8902,1671.2209,501.6903,1704.8662,556.5026,89.8104,351.0061,444.7141,106.1342,256.5098,287.7930,10.1784,,"CPU-1T"
"samsung","SM-A336E","14",34,"s5e8825",8,"yolo11n_640","ch0_20250511161758_20250511162258_f03029_jpg.rf.e60388f056fd6de3298bc7058207e5f0.jpg",640,0,23,"131a-cam-do-xe",0.9016,1503.4059,492.7788,1555.3152,554.5178,89.4590,348.5261,441.9281,106.1247,258.1934,289.3984,10.1784,,"CPU-1T"
"samsung","SM-A336E","14",34,"s5e8825",8,"yolo11n_640","ch0_20250511163258_20250511163758_f05772_jpg.rf.dc078d52f13ec83aeca168a74000650f.jpg",640,0,9,"124b-cam-oto-quay-dau-xe",0.7626,1221.8757,614.3663,1261.2581,657.8915,89.8217,365.8538,459.5414,107.0621,259.8818,291.2578,10.1784,,"CPU-1T"
"samsung","SM-A336E","14",34,"s5e8825",8,"yolo11n_640","ch0_20250511163258_20250511163758_f05772_jpg.rf.dc078d52f13ec83aeca168a74000650f.jpg",640,1,22,"130-cam-dung-va-do-xe",0.6283,1906.9160,472.7573,1920.0000,526.1164,89.8217,365.8538,459.5414,107.0621,259.8818,291.2578,10.1784,,"CPU-1T"
"samsung","SM-A336E","14",34,"s5e8825",8,"yolo11n_640","ch0_20250511163759_20250511164259_f05863_jpg.rf.207a395b469f8a7123bcb8a55f7dbde0.jpg",640,0,6,"123a-cam-re-trai",0.5063,588.4959,187.8150,685.0736,279.0773,89.6957,351.6667,445.4174,106.4155,261.5654,292.8750,10.1784,,"CPU-1T"
"samsung","SM-A336E","14",34,"s5e8825",8,"yolo11n_640","ch0_20250511163759_20250511164259_f05863_jpg.rf.207a395b469f8a7123bcb8a55f7dbde0.jpg",640,1,3,"103c-cam-oto-re-trai",0.4717,588.1337,187.9731,685.3450,279.1576,89.6957,351.6667,445.4174,106.4155,261.5654,292.8750,10.1784,,"CPU-1T"
"samsung","SM-A336E","14",34,"s5e8825",8,"yolo11n_640","ch0_20250517125209_20250517125709_f01287_jpg.rf.125dce0ef81540ea0d3244f51213b4ca.jpg",640,0,6,"123a-cam-re-trai",0.7159,1426.7609,604.9411,1469.9756,651.9794,89.4663,364.1995,457.8261,106.1524,263.2725,294.5000,10.1784,,"CPU-1T"
"samsung","SM-A336E","14",34,"s5e8825",8,"yolo11n_640","ch0_20250517125709_20250517130209_f01937_jpg.rf.c6f1222828b588ac2d440b15e1af0634.jpg",640,0,27,"134-het-han-che-toc-do-toi-da",0.9245,1077.0651,686.8274,1114.3823,721.8871,90.1863,347.6676,442.0202,105.6498,264.9561,296.1055,10.1784,,"CPU-1T"
"samsung","SM-A336E","14",34,"s5e8825",8,"yolo11n_640","ch0_20250517125709_20250517130209_f01937_jpg.rf.c6f1222828b588ac2d440b15e1af0634.jpg",640,1,27,"134-het-han-che-toc-do-toi-da",0.7795,1050.4980,638.9063,1087.7830,687.3087,90.1863,347.6676,442.0202,105.6498,264.9561,296.1055,10.1784,,"CPU-1T"
"samsung","SM-A336E","14",34,"s5e8825",8,"yolo11n_640","ch0_20250517125709_20250517130209_f01937_jpg.rf.c6f1222828b588ac2d440b15e1af0634.jpg",640,2,27,"134-het-han-che-toc-do-toi-da",0.7319,1068.5537,645.3111,1117.7502,687.7817,90.1863,347.6676,442.0202,105.6498,264.9561,296.1055,10.1784,,"CPU-1T"
"samsung","SM-A336E","14",34,"s5e8825",8,"yolo11n_640","ch0_20250517125709_20250517130209_f01937_jpg.rf.c6f1222828b588ac2d440b15e1af0634.jpg",640,3,27,"134-het-han-che-toc-do-toi-da",0.6503,1094.0059,653.1116,1133.5140,690.4496,90.1863,347.6676,442.0202,105.6498,264.9561,296.1055,10.1784,,"CPU-1T"
"samsung","SM-A336E","14",34,"s5e8825",8,"yolo11n_640","ch0_20250517125709_20250517130209_f01937_jpg.rf.c6f1222828b588ac2d440b15e1af0634.jpg",640,4,27,"134-het-han-che-toc-do-toi-da",0.5866,1064.5609,677.7325,1107.9044,711.8443,90.1863,347.6676,442.0202,105.6498,264.9561,296.1055,10.1784,,"CPU-1T"
"samsung","SM-A336E","14",34,"s5e8825",8,"yolo11n_640","ch0_20250517125709_20250517130209_f01989_jpg.rf.b076ffddc9286b5a1fca351aaef1d7e9.jpg",640,0,27,"134-het-han-che-toc-do-toi-da",0.9160,1356.5919,502.7492,1442.4845,600.2646,92.9020,357.1612,454.1318,115.3836,208.7373,240.0273,10.1784,,"CPU-1T"
"samsung","SM-A336E","14",34,"s5e8825",8,"yolo11n_640","ch0_20250517125709_20250517130209_f01989_jpg.rf.b076ffddc9286b5a1fca351aaef1d7e9.jpg",640,1,1,"103a-cam-oto",0.4314,1732.0825,587.0947,1811.9048,652.3250,92.9020,357.1612,454.1318,115.3836,208.7373,240.0273,10.1784,,"CPU-1T"
"samsung","SM-A336E","14",34,"s5e8825",8,"yolo11n_640","ch0_20250517162300_20250517162800_f05330_jpg.rf.004ce4e33d87f72d849ccc28afccd879.jpg",640,0,17,"127-toc-do-toi-da-60",0.7166,1355.9751,546.1634,1409.3420,601.1880,89.5503,361.9415,456.6899,106.4162,209.2842,240.7617,10.1784,,"CPU-1T"
"samsung","SM-A336E","14",34,"s5e8825",8,"yolo11n_640","ch0_20250517162300_20250517162800_f05330_jpg.rf.004ce4e33d87f72d849ccc28afccd879.jpg",640,1,19,"127-toc-do-toi-da-80",0.4639,1355.6804,546.1306,1409.8375,602.1707,89.5503,361.9415,456.6899,106.4162,209.2842,240.7617,10.1784,,"CPU-1T"
"samsung","SM-A336E","14",34,"s5e8825",8,"yolo11n_640","ch0_20250517162801_20250517163301_f02184_jpg.rf.bf656ec4c0279059e2775f8a0b3306ac.jpg",640,0,11,"125-cam-vuot",0.5903,1636.1206,350.6644,1690.4008,424.4577,90.0818,352.5665,446.6744,104.5489,210.9795,242.6328,10.1784,,"CPU-1T"
"samsung","SM-A336E","14",34,"s5e8825",8,"yolo11n_640","ch0_20250517162801_20250517163301_f02184_jpg.rf.bf656ec4c0279059e2775f8a0b3306ac.jpg",640,1,11,"125-cam-vuot",0.3692,1561.6036,341.1527,1621.5736,417.1197,90.0818,352.5665,446.6744,104.5489,210.9795,242.6328,10.1784,,"CPU-1T"
"samsung","SM-A336E","14",34,"s5e8825",8,"yolo11n_640","ch0_20250517162801_20250517163301_f02184_jpg.rf.bf656ec4c0279059e2775f8a0b3306ac.jpg",640,2,18,"127-toc-do-toi-da-70",0.3455,1562.6182,339.9501,1621.7034,417.2741,90.0818,352.5665,446.6744,104.5489,210.9795,242.6328,10.1784,,"CPU-1T"
"samsung","SM-A336E","14",34,"s5e8825",8,"yolo11n_640","ch0_20250517164301_20250517164801_f00507_jpg.rf.69bb4eae7f768bb5d9a88a35980330f1.jpg",640,0,17,"127-toc-do-toi-da-60",0.9634,302.1455,391.3200,370.2552,481.0036,89.5093,350.4856,444.3559,105.0944,212.6787,244.5117,10.1784,,"CPU-1T"
"samsung","SM-A336E","14",34,"s5e8825",8,"yolo11n_640","ch0_20250517164301_20250517164801_f00507_jpg.rf.69bb4eae7f768bb5d9a88a35980330f1.jpg",640,1,22,"130-cam-dung-va-do-xe",0.9176,1563.0931,340.2332,1643.1179,442.1254,89.5093,350.4856,444.3559,105.0944,212.6787,244.5117,10.1784,,"CPU-1T"
"samsung","SM-A336E","14",34,"s5e8825",8,"yolo11n_640","ch0_20250517171302_20250517171802_f01924_jpg.rf.e561c9eba1571fc7c47d3793e83a9454.jpg",640,0,7,"123b-cam-re-phai",0.4717,1074.4808,609.9758,1108.4418,641.6984,89.6316,354.5902,448.1182,105.7744,214.3857,246.1328,10.1784,,"CPU-1T"
"samsung","SM-A336E","14",34,"s5e8825",8,"yolo11n_640","ch0_20250517171302_20250517171802_f01924_jpg.rf.e561c9eba1571fc7c47d3793e83a9454.jpg",640,1,1,"103a-cam-oto",0.3813,1408.9076,674.0182,1437.2421,703.5604,89.6316,354.5902,448.1182,105.7744,214.3857,246.1328,10.1784,,"CPU-1T"
"samsung","SM-A336E","14",34,"s5e8825",8,"yolo11s_320","376_jpg.rf.4be45b6bd889aa6e8432f712997e88dd.jpg",320,0,5,"107-cam-oto-khach-va-oto-tai",0.9022,375.0783,277.7426,397.2501,295.0075,23.0021,260.1457,284.4803,105.4534,221.5381,253.1953,36.2056,,"CPU-1T"
"samsung","SM-A336E","14",34,"s5e8825",8,"yolo11s_320","376_jpg.rf.4be45b6bd889aa6e8432f712997e88dd.jpg",320,1,16,"127-toc-do-toi-da-50",0.7890,339.5630,315.6756,355.9209,328.9291,23.0021,260.1457,284.4803,105.4534,221.5381,253.1953,36.2056,,"CPU-1T"
"samsung","SM-A336E","14",34,"s5e8825",8,"yolo11s_320","376_jpg.rf.4be45b6bd889aa6e8432f712997e88dd.jpg",320,2,17,"127-toc-do-toi-da-60",0.6949,191.4108,289.8229,207.2318,302.1107,23.0021,260.1457,284.4803,105.4534,221.5381,253.1953,36.2056,,"CPU-1T"
"samsung","SM-A336E","14",34,"s5e8825",8,"yolo11s_320","4_mp4-0002_jpg.rf.378ddc9a1b8edabcf6883c5a72b0e80d.jpg",320,0,45,"301d-cac-xe-chi-duoc-re-phai-2",0.9217,387.8691,65.0893,530.3858,149.1559,23.0810,256.7951,281.0381,106.3893,222.0459,253.6484,36.2056,,"CPU-1T"
"samsung","SM-A336E","14",34,"s5e8825",8,"yolo11s_320","4_mp4-0065_jpg.rf.4a889c6bd7bfa8515b55bae6d21a9858.jpg",320,0,45,"301d-cac-xe-chi-duoc-re-phai-2",0.9259,468.8121,49.9917,616.6342,134.9417,22.9510,262.6769,286.8608,105.9730,222.5537,254.2344,36.2056,,"CPU-1T"
"samsung","SM-A336E","14",34,"s5e8825",8,"yolo11s_320","4_mp4-0079_jpg.rf.7bb0baec5c447fec393734ddc09eba72.jpg",320,0,45,"301d-cac-xe-chi-duoc-re-phai-2",0.9172,457.4757,57.7905,605.3873,141.8462,22.9280,256.9586,281.0469,106.7412,223.0459,254.6680,36.2056,,"CPU-1T"
"samsung","SM-A336E","14",34,"s5e8825",8,"yolo11s_320","517_jpg.rf.3365e9d3f7787c53d4f330c9317b2c3d.jpg",320,0,30,"137-cam-re-trai-va-re-phai",0.8709,362.8304,116.4874,394.0906,167.0113,23.2867,255.2500,279.7322,105.8132,223.5264,255.1016,36.2056,,"CPU-1T"
"samsung","SM-A336E","14",34,"s5e8825",8,"yolo11s_320","6432930985452_mp4-0006_jpg.rf.2a8f28c40fd6ecda3333caa0532c516f.jpg",320,0,33,"205-duong-giao-nhau",0.8852,321.7567,207.0951,395.5640,250.1393,22.8595,258.6626,282.9273,106.7387,224.1426,255.9023,36.2056,,"CPU-1T"
"samsung","SM-A336E","14",34,"s5e8825",8,"yolo11s_320","6432930985452_mp4-0006_jpg.rf.2a8f28c40fd6ecda3333caa0532c516f.jpg",320,1,31,"201-cho-ngoat-nguy-hiem",0.8547,318.1327,250.8338,384.5949,285.9189,22.8595,258.6626,282.9273,106.7387,224.1426,255.9023,36.2056,,"CPU-1T"
"samsung","SM-A336E","14",34,"s5e8825",8,"yolo11s_320","6432941026760_mp4-0002_jpg.rf.a3ad0991ac8035a20fec19321776f20e.jpg",320,0,39,"225-chu-y-tre-em",0.8122,88.3411,304.8692,138.5154,330.9237,23.1046,259.0355,283.2976,105.8933,224.6035,256.3203,36.2056,,"CPU-1T"
"samsung","SM-A336E","14",34,"s5e8825",8,"yolo11s_320","6432944636915_mp4-0028_jpg.rf.e2faf3f5559fde6bf98d92b08f8df413.jpg",320,0,29,"136-cam-di-thang",0.9332,499.8340,263.1767,536.6749,289.5688,22.9234,260.5727,284.7812,106.3956,225.0957,256.7539,36.2056,,"CPU-1T"
"samsung","SM-A336E","14",34,"s5e8825",8,"yolo11s_320","6432944636915_mp4-0028_jpg.rf.e2faf3f5559fde6bf98d92b08f8df413.jpg",320,1,29,"136-cam-di-thang",0.8873,137.2520,338.8654,169.3389,358.1268,22.9234,260.5727,284.7812,106.3956,225.0957,256.7539,36.2056,,"CPU-1T"
"samsung","SM-A336E","14",34,"s5e8825",8,"yolo11s_320","6432944636915_mp4-0028_jpg.rf.e2faf3f5559fde6bf98d92b08f8df413.jpg",320,2,35,"208-giao-nhau-voi-duong-uu-tien",0.7781,498.9268,320.2673,543.9582,346.9257,22.9234,260.5727,284.7812,106.3956,225.0957,256.7539,36.2056,,"CPU-1T"
"samsung","SM-A336E","14",34,"s5e8825",8,"yolo11s_320","6438222152829_mp4-0073_jpg.rf.821d491f7ae20e69e29ea8667ad15bf4.jpg",320,0,18,"127-toc-do-toi-da-70",0.8765,317.8111,261.3154,366.7150,290.0974,23.0391,256.8305,281.0914,106.7245,225.6074,257.2109,36.2056,,"CPU-1T"
"samsung","SM-A336E","14",34,"s5e8825",8,"yolo11s_320","6438222152829_mp4-0115_jpg.rf.9ecc4398589661778243262d2d7b58a7.jpg",320,0,18,"127-toc-do-toi-da-70",0.9024,79.9118,305.5690,129.4232,333.9345,23.0844,256.6727,280.8444,106.8185,226.1152,257.6445,36.2056,,"CPU-1T"
"samsung","SM-A336E","14",34,"s5e8825",8,"yolo11s_320","7_jpg.rf.fc20b3103435b9baf0d1537e5b75d37e.jpg",320,0,30,"137-cam-re-trai-va-re-phai",0.9416,10.3156,375.0178,32.6613,408.1633,23.1880,258.7664,283.2142,105.2181,226.6152,258.0820,36.2056,,"CPU-1T"
"samsung","SM-A336E","14",34,"s5e8825",8,"yolo11s_320","7_jpg.rf.fc20b3103435b9baf0d1537e5b75d37e.jpg",320,1,30,"137-cam-re-trai-va-re-phai",0.9314,0.1308,249.7538,22.5792,298.9227,23.1880,258.7664,283.2142,105.2181,226.6152,258.0820,36.2056,,"CPU-1T"
"samsung","SM-A336E","14",34,"s5e8825",8,"yolo11s_320","7_jpg.rf.fc20b3103435b9baf0d1537e5b75d37e.jpg",320,2,7,"123b-cam-re-phai",0.2832,167.6584,447.8044,176.3082,459.1251,23.1880,258.7664,283.2142,105.2181,226.6152,258.0820,36.2056,,"CPU-1T"
"samsung","SM-A336E","14",34,"s5e8825",8,"yolo11s_320","812_jpg.rf.9042caec1c9cb13ffd30654e9ef12a6f.jpg",320,0,22,"130-cam-dung-va-do-xe",0.6891,434.2049,204.9936,456.3593,241.3418,23.0313,258.9957,283.1976,105.5777,227.1387,258.6680,36.2056,,"CPU-1T"
"samsung","SM-A336E","14",34,"s5e8825",8,"yolo11s_320","812_jpg.rf.9042caec1c9cb13ffd30654e9ef12a6f.jpg",320,1,51,"407a-duong-mot-chieu",0.4012,480.5643,237.5578,501.0500,267.3575,23.0313,258.9957,283.1976,105.5777,227.1387,258.6680,36.2056,,"CPU-1T"
"samsung","SM-A336E","14",34,"s5e8825",8,"yolo11s_320","8_jpg.rf.2f29afa5c73f30e6db9c8febb349fdd5.jpg",320,0,30,"137-cam-re-trai-va-re-phai",0.8710,33.8400,342.6136,58.4770,379.3413,22.9042,255.9876,280.2039,106.7056,227.6621,259.2773,36.2056,,"CPU-1T"
"samsung","SM-A336E","14",34,"s5e8825",8,"yolo11s_320","8_jpg.rf.2f29afa5c73f30e6db9c8febb349fdd5.jpg",320,1,30,"137-cam-re-trai-va-re-phai",0.8699,27.4961,208.1136,59.3557,261.4276,22.9042,255.9876,280.2039,106.7056,227.6621,259.2773,36.2056,,"CPU-1T"
"samsung","SM-A336E","14",34,"s5e8825",8,"yolo11s_320","8_jpg.rf.2f29afa5c73f30e6db9c8febb349fdd5.jpg",320,2,7,"123b-cam-re-phai",0.7379,239.2813,421.1462,249.4199,435.1423,22.9042,255.9876,280.2039,106.7056,227.6621,259.2773,36.2056,,"CPU-1T"
"samsung","SM-A336E","14",34,"s5e8825",8,"yolo11s_320","946_jpg.rf.adbd2325400dbee2acc362c831534168.jpg",320,0,23,"131a-cam-do-xe",0.8841,406.5159,304.6664,432.1268,347.1991,22.8399,254.4900,278.5124,105.5583,228.1777,259.7305,36.2056,,"CPU-1T"
"samsung","SM-A336E","14",34,"s5e8825",8,"yolo11s_320","946_jpg.rf.adbd2325400dbee2acc362c831534168.jpg",320,1,57,"442-cho",0.8559,406.7359,347.5215,429.7379,388.4365,22.8399,254.4900,278.5124,105.5583,228.1777,259.7305,36.2056,,"CPU-1T"
"samsung","SM-A336E","14",34,"s5e8825",8,"yolo11s_320","986_jpg.rf.fb6f79659a343c46b133dd894286529e.jpg",320,0,37,"221-duong-go-ghe",0.9557,591.0314,248.2024,621.3265,287.4172,23.0326,256.4780,280.6790,106.5251,228.6895,260.1836,36.2056,,"CPU-1T"
"samsung","SM-A336E","14",34,"s5e8825",8,"yolo11s_320","986_jpg.rf.fb6f79659a343c46b133dd894286529e.jpg",320,1,38,"224-duong-nguoi-di-bo-cat-ngang",0.8021,592.9981,290.8688,623.1765,329.9046,23.0326,256.4780,280.6790,106.5251,228.6895,260.1836,36.2056,,"CPU-1T"
"samsung","SM-A336E","14",34,"s5e8825",8,"yolo11s_320","A-nh-ma-n-hi-nh-2025-03-23-lu-c-00_00_38_png.rf.33d0b8be20a15121992d6c781612db26.jpg",320,0,29,"136-cam-di-thang",0.9744,25.9010,118.1641,150.3739,301.9482,23.0177,263.0303,287.3750,105.4344,229.1895,260.6367,36.2056,,"CPU-1T"
"samsung","SM-A336E","14",34,"s5e8825",8,"yolo11s_320","Eddy2612-online-video-cutter_com-_mp4-0087_jpg.rf.a8b63de290830a8a569ab9b94e8c6b56.jpg",320,0,13,"127-toc-do-toi-da-20",0.9540,277.6941,128.6516,373.8893,185.7444,22.9085,260.7103,285.0103,105.2570,229.6816,261.0703,36.2056,,"CPU-1T"
"samsung","SM-A336E","14",34,"s5e8825",8,"yolo11s_320","Ghi-Ma-n-hi-nh-2025-03-23-lu-c-22_08_05_mov-0054_jpg.rf.8210917d1062e06e013d0cd56a0af732.jpg",320,0,49,"303-noi-giao-nhau-chay-theo-vong-xuyen",0.9429,194.2715,21.1266,451.7399,353.3201,23.4077,261.0678,285.6973,106.0533,230.1387,261.5078,36.2056,,"CPU-1T"
"samsung","SM-A336E","14",34,"s5e8825",8,"yolo11s_320","Ghi-Ma-n-hi-nh-2025-03-23-lu-c-22_25_28_mov-0039_jpg.rf.c3dffa99ceeb2ccfac3193655497d12e.jpg",320,0,36,"209-giao-nhau-co-tin-hieu-den",0.9186,130.9440,117.0577,224.8065,254.4427,22.9968,259.4067,283.5390,106.8610,230.6348,262.1367,36.2056,,"CPU-1T"
"samsung","SM-A336E","14",34,"s5e8825",8,"yolo11s_320","Ghi-Ma-n-hi-nh-2025-03-23-lu-c-22_25_28_mov-0146_jpg.rf.e35fdd91170a46c9280260785119000e.jpg",320,0,36,"209-giao-nhau-co-tin-hieu-den",0.9187,130.9412,116.9758,224.8004,254.4478,22.9466,264.6894,288.7515,107.0025,231.1387,262.5820,36.2056,,"CPU-1T"
"samsung","SM-A336E","14",34,"s5e8825",8,"yolo11s_320","Ghi-Ma-n-hi-nh-2025-04-02-lu-c-14_04_42_mov-0017_jpg.rf.b635a1968c52972696572e13f5cf98d6.jpg",320,0,44,"301c-cac-xe-chi-duoc-re-trai",0.9467,24.3964,49.2383,309.3653,616.2737,22.9055,261.5513,285.7808,106.7226,231.6270,263.0195,36.2056,,"CPU-1T"
"samsung","SM-A336E","14",34,"s5e8825",8,"yolo11s_320","Ghi-Ma-n-hi-nh-2025-04-02-lu-c-14_04_42_mov-0017_jpg.rf.b635a1968c52972696572e13f5cf98d6.jpg",320,1,44,"301c-cac-xe-chi-duoc-re-trai",0.9431,340.1711,42.4998,625.5945,615.6843,22.9055,261.5513,285.7808,106.7226,231.6270,263.0195,36.2056,,"CPU-1T"
"samsung","SM-A336E","14",34,"s5e8825",8,"yolo11s_320","Ghi-Ma-n-hi-nh-2025-04-02-lu-c-15_06_54_mov-0123_jpg.rf.197f8c0a1a3c6ef7eca2eb4bc9b02e42.jpg",320,0,52,"420-bat-dau-khu-dong-dan-cu",0.9262,91.3946,244.3095,385.4309,383.6973,23.3446,259.4435,283.9008,106.3730,232.1309,263.4648,36.2056,,"CPU-1T"
"samsung","SM-A336E","14",34,"s5e8825",8,"yolo11s_320","Ghi-Ma-n-hi-nh-2025-04-02-lu-c-15_06_54_mov-0169_jpg.rf.ffb7a1764cbb0e63ccaa9eea360f6403.jpg",320,0,52,"420-bat-dau-khu-dong-dan-cu",0.9260,91.4257,244.2818,385.4340,383.6844,22.9555,257.1748,281.2971,106.2909,232.6309,263.9219,36.2056,,"CPU-1T"
"samsung","SM-A336E","14",34,"s5e8825",8,"yolo11s_320","Ghi-Ma-n-hi-nh-2025-04-02-lu-c-15_38_46_mov-0128_jpg.rf.611046171b0f3d2701b8a6a449f93d27.jpg",320,0,53,"421-ket-thuc-khu-dong-dan-cu",0.9424,468.8964,196.6541,620.1863,338.0024,22.8617,261.1375,285.2617,106.2161,233.1191,264.3633,36.2056,,"CPU-1T"
"samsung","SM-A336E","14",34,"s5e8825",8,"yolo11s_320","IMG_0493_jpeg.rf.3ae39d1297e3e1de25b07f168e79bc36.jpg",320,0,25,"131c-cam-do-xe-ngay-chan",0.9282,711.3264,244.6746,881.4580,447.0176,23.2927,255.3342,279.7947,106.1462,241.0449,272.4805,36.2056,,"CPU-1T"
"samsung","SM-A336E","14",34,"s5e8825",8,"yolo11s_320","IMG_4007-MOV_out0082_png.rf.7bbdf7cb3b519eb3ae5d2c2185311585.jpg",320,0,0,"102-cam-di-nguoc-chieu",0.9526,39.2684,187.5290,78.3096,265.2167,23.8658,260.4408,285.6853,106.0582,234.1035,265.4883,36.2056,,"CPU-1T"
"samsung","SM-A336E","14",34,"s5e8825",8,"yolo11s_320","IMG_4007-MOV_out0082_png.rf.7bbdf7cb3b519eb3ae5d2c2185311585.jpg",320,1,48,"302a-huong-phai-di-vong-chuong-ngai-vat-1",0.9214,38.4735,270.9858,72.6803,348.4661,23.8658,260.4408,285.6853,106.0582,234.1035,265.4883,36.2056,,"CPU-1T"
"samsung","SM-A336E","14",34,"s5e8825",8,"yolo11s_320","IMG_4007-MOV_out0082_png.rf.7bbdf7cb3b519eb3ae5d2c2185311585.jpg",320,2,34,"207-giao-nhau-voi-duong-khong-uu-tien",0.7578,493.3259,385.1335,504.8058,401.0606,23.8658,260.4408,285.6853,106.0582,234.1035,265.4883,36.2056,,"CPU-1T"
"samsung","SM-A336E","14",34,"s5e8825",8,"yolo11s_320","IMG_4007-MOV_out0082_png.rf.7bbdf7cb3b519eb3ae5d2c2185311585.jpg",320,3,15,"127-toc-do-toi-da-40",0.6512,494.7569,402.5766,506.5499,418.9760,23.8658,260.4408,285.6853,106.0582,234.1035,265.4883,36.2056,,"CPU-1T"
"samsung","SM-A336E","14",34,"s5e8825",8,"yolo11s_320","IMG_4024-MOV_out0253_png.rf.503a4c4d1be9d04bb29a2d681fd63cf8.jpg",320,0,19,"127-toc-do-toi-da-80",0.8978,409.2332,253.6949,432.2492,300.0876,22.8406,258.6507,282.9516,105.6691,234.6074,265.9531,36.2056,,"CPU-1T"
"samsung","SM-A336E","14",34,"s5e8825",8,"yolo11s_320","IMG_4024-MOV_out0253_png.rf.503a4c4d1be9d04bb29a2d681fd63cf8.jpg",320,1,0,"102-cam-di-nguoc-chieu",0.8943,232.7606,438.9420,252.9141,484.7838,22.8406,258.6507,282.9516,105.6691,234.6074,265.9531,36.2056,,"CPU-1T"
"samsung","SM-A336E","14",34,"s5e8825",8,"yolo11s_320","IMG_4024-MOV_out0253_png.rf.503a4c4d1be9d04bb29a2d681fd63cf8.jpg",320,2,17,"127-toc-do-toi-da-60",0.8882,509.8116,241.5205,533.3892,289.5201,22.8406,258.6507,282.9516,105.6691,234.6074,265.9531,36.2056,,"CPU-1T"
"samsung","SM-A336E","14",34,"s5e8825",8,"yolo11s_320","IMG_4024-MOV_out0253_png.rf.503a4c4d1be9d04bb29a2d681fd63cf8.jpg",320,3,48,"302a-huong-phai-di-vong-chuong-ngai-vat-1",0.8877,231.9401,487.0557,253.8011,532.5887,22.8406,258.6507,282.9516,105.6691,234.6074,265.9531,36.2056,,"CPU-1T"
"samsung","SM-A336E","14",34,"s5e8825",8,"yolo11s_320","IMG_4028-MOV_out0011_png.rf.a99e3f8eb0f391dc63d04a13f66c7d92.jpg",320,0,19,"127-toc-do-toi-da-80",0.9431,308.3375,117.8294,361.1405,208.6856,22.9125,256.6224,280.9848,104.9854,235.1270,266.4258,36.2056,,"CPU-1T"
"samsung","SM-A336E","14",34,"s5e8825",8,"yolo11s_320","IMG_4028-MOV_out0011_png.rf.a99e3f8eb0f391dc63d04a13f66c7d92.jpg",320,1,22,"130-cam-dung-va-do-xe",0.9049,431.5047,271.6472,484.5647,361.1961,22.9125,256.6224,280.9848,104.9854,235.1270,266.4258,36.2056,,"CPU-1T"
"samsung","SM-A336E","14",34,"s5e8825",8,"yolo11s_320","IMG_4028-MOV_out0011_png.rf.a99e3f8eb0f391dc63d04a13f66c7d92.jpg",320,2,17,"127-toc-do-toi-da-60",0.8950,369.3940,112.3494,421.5700,202.7579,22.9125,256.6224,280.9848,104.9854,235.1270,266.4258,36.2056,,"CPU-1T"
"samsung","SM-A336E","14",34,"s5e8825",8,"yolo11s_320","IMG_4032-MOV_out0046_png.rf.2ee7f103233cddca5730e99df4bb569a.jpg",320,0,40,"227-cong-truong",0.9507,242.8684,427.6668,309.9463,528.7546,22.8725,255.6542,280.2960,105.5999,235.6230,266.8828,36.2056,,"CPU-1T"
"samsung","SM-A336E","14",34,"s5e8825",8,"yolo11s_320","IMG_4032-MOV_out0046_png.rf.2ee7f103233cddca5730e99df4bb569a.jpg",320,1,44,"301c-cac-xe-chi-duoc-re-trai",0.9479,153.2349,398.2492,221.5329,511.2116,22.8725,255.6542,280.2960,105.5999,235.6230,266.8828,36.2056,,"CPU-1T"
"samsung","SM-A336E","14",34,"s5e8825",8,"yolo11s_320","IMG_4032-MOV_out0046_png.rf.2ee7f103233cddca5730e99df4bb569a.jpg",320,2,1,"103a-cam-oto",0.9465,174.5139,161.7123,241.9503,280.8711,22.8725,255.6542,280.2960,105.5999,235.6230,266.8828,36.2056,,"CPU-1T"
"samsung","SM-A336E","14",34,"s5e8825",8,"yolo11s_320","IMG_4032-MOV_out0046_png.rf.2ee7f103233cddca5730e99df4bb569a.jpg",320,3,32,"203-duong-bi-hep",0.8509,68.4733,392.6349,135.2406,495.8807,22.8725,255.6542,280.2960,105.5999,235.6230,266.8828,36.2056,,"CPU-1T"
"samsung","SM-A336E","14",34,"s5e8825",8,"yolo11s_320","IMG_4032-MOV_out0046_png.rf.2ee7f103233cddca5730e99df4bb569a.jpg",320,4,34,"207-giao-nhau-voi-duong-khong-uu-tien",0.5788,36.3068,24.4818,59.7893,62.7677,22.8725,255.6542,280.2960,105.5999,235.6230,266.8828,36.2056,,"CPU-1T"
"samsung","SM-A336E","14",34,"s5e8825",8,"yolo11s_320","IMG_4041-MOV_out0020_png.rf.91d13da17f2f3d6f9c8ffdd204463ac2.jpg",320,0,32,"203-duong-bi-hep",0.7201,140.3070,216.4859,219.6063,343.7700,22.8456,253.8146,277.8009,105.4689,236.1387,267.3672,36.2056,,"CPU-1T"
"samsung","SM-A336E","14",34,"s5e8825",8,"yolo11s_320","IMG_4047-MOV_out0012_png.rf.09ca70977f0bc67b6fa6c76255a2f296.jpg",320,0,41,"245-di-cham",0.9356,204.2604,315.6509,241.0186,370.7919,23.9083,256.0043,281.3951,105.1876,236.6191,267.8086,36.2056,,"CPU-1T"
"samsung","SM-A336E","14",34,"s5e8825",8,"yolo11s_320","IMG_4047-MOV_out0012_png.rf.09ca70977f0bc67b6fa6c76255a2f296.jpg",320,1,6,"123a-cam-re-trai",0.9296,144.3889,332.3186,175.0420,381.4859,23.9083,256.0043,281.3951,105.1876,236.6191,267.8086,36.2056,,"CPU-1T"
"samsung","SM-A336E","14",34,"s5e8825",8,"yolo11s_320","IMG_4047-MOV_out0012_png.rf.09ca70977f0bc67b6fa6c76255a2f296.jpg",320,2,34,"207-giao-nhau-voi-duong-khong-uu-tien",0.9048,204.7026,255.8102,242.0911,311.2887,23.9083,256.0043,281.3951,105.1876,236.6191,267.8086,36.2056,,"CPU-1T"
"samsung","SM-A336E","14",34,"s5e8825",8,"yolo11s_320","IMG_4047-MOV_out0012_png.rf.09ca70977f0bc67b6fa6c76255a2f296.jpg",320,3,6,"123a-cam-re-trai",0.8296,107.6039,355.9430,125.5944,384.3231,23.9083,256.0043,281.3951,105.1876,236.6191,267.8086,36.2056,,"CPU-1T"
"samsung","SM-A336E","14",34,"s5e8825",8,"yolo11s_320","IMG_4049-MOV_out0023_png.rf.176dec9b6c99c3073e95282376af54d4.jpg",320,0,22,"130-cam-dung-va-do-xe",0.9116,135.5956,58.9865,201.3084,168.7618,22.8187,255.3218,279.5007,106.6161,237.1191,268.2734,36.2056,,"CPU-1T"
"samsung","SM-A336E","14",34,"s5e8825",8,"yolo11s_320","IMG_4049-MOV_out0023_png.rf.176dec9b6c99c3073e95282376af54d4.jpg",320,1,16,"127-toc-do-toi-da-50",0.8620,373.8094,332.4504,388.0593,354.0652,22.8187,255.3218,279.5007,106.6161,237.1191,268.2734,36.2056,,"CPU-1T"
"samsung","SM-A336E","14",34,"s5e8825",8,"yolo11s_320","IMG_4049-MOV_out0023_png.rf.176dec9b6c99c3073e95282376af54d4.jpg",320,2,16,"127-toc-do-toi-da-50",0.6477,273.5785,333.7846,287.9214,358.2541,22.8187,255.3218,279.5007,106.6161,237.1191,268.2734,36.2056,,"CPU-1T"
"samsung","SM-A336E","14",34,"s5e8825",8,"yolo11s_320","IMG_4049-MOV_out0023_png.rf.176dec9b6c99c3073e95282376af54d4.jpg",320,3,34,"207-giao-nhau-voi-duong-khong-uu-tien",0.3894,505.9187,500.9277,523.8259,526.1583,22.8187,255.3218,279.5007,106.6161,237.1191,268.2734,36.2056,,"CPU-1T"
"samsung","SM-A336E","14",34,"s5e8825",8,"yolo11s_320","IMG_4049-MOV_out0023_png.rf.176dec9b6c99c3073e95282376af54d4.jpg",320,4,19,"127-toc-do-toi-da-80",0.2814,93.8679,367.7592,112.3993,397.2726,22.8187,255.3218,279.5007,106.6161,237.1191,268.2734,36.2056,,"CPU-1T"
"samsung","SM-A336E","14",34,"s5e8825",8,"yolo11s_320","IMG_4051-MOV_out0049_png.rf.0cdced0af44df2b18e13adfddda976bb.jpg",320,0,41,"245-di-cham",0.9493,245.7270,155.8264,338.0549,290.7460,22.8052,256.5960,280.5372,105.8660,237.6191,268.7461,36.2056,,"CPU-1T"
"samsung","SM-A336E","14",34,"s5e8825",8,"yolo11s_320","IMG_4051-MOV_out0052_png.rf.c7fb9ae66a6356120ecff9f0903bb4a1.jpg",320,0,41,"245-di-cham",0.9195,323.8723,126.1064,404.9249,251.9121,23.0408,261.6922,285.9054,106.6759,238.0840,269.1836,36.2056,,"CPU-1T"
"samsung","SM-A336E","14",34,"s5e8825",8,"yolo11s_320","IMG_4052-MOV_out0095_png.rf.cd837ddfd7779c6029cf8843e67a522d.jpg",320,0,31,"201-cho-ngoat-nguy-hiem",0.8948,255.3370,257.1786,288.5983,305.2109,23.1825,255.0247,279.3445,105.6013,238.5566,269.6250,36.2056,,"CPU-1T"
"samsung","SM-A336E","14",34,"s5e8825",8,"yolo11s_320","IMG_4055-MOV_out0002_png.rf.94c5ef6aa29fbe4784d4de3f78f2b683.jpg",320,0,16,"127-toc-do-toi-da-50",0.9083,215.5228,134.2263,281.6184,247.5826,23.3207,252.5585,277.3700,105.9934,239.0527,270.3164,36.2056,,"CPU-1T"
"samsung","SM-A336E","14",34,"s5e8825",8,"yolo11s_320","IMG_4055-MOV_out0002_png.rf.94c5ef6aa29fbe4784d4de3f78f2b683.jpg",320,1,23,"131a-cam-do-xe",0.8789,76.8697,337.3307,121.9846,411.5101,23.3207,252.5585,277.3700,105.9934,239.0527,270.3164,36.2056,,"CPU-1T"
"samsung","SM-A336E","14",34,"s5e8825",8,"yolo11s_320","IMG_4055-MOV_out0002_png.rf.94c5ef6aa29fbe4784d4de3f78f2b683.jpg",320,2,16,"127-toc-do-toi-da-50",0.8457,291.7554,141.2160,346.9130,253.5104,23.3207,252.5585,277.3700,105.9934,239.0527,270.3164,36.2056,,"CPU-1T"
"samsung","SM-A336E","14",34,"s5e8825",8,"yolo11s_320","IMG_4063-MOV_out0014_png.rf.f12c9a9d9bc1a12865d7f0d9c2699bd2.jpg",320,0,48,"302a-huong-phai-di-vong-chuong-ngai-vat-1",0.9605,243.3036,281.8608,416.7228,581.8342,22.8190,264.7843,289.0293,106.5494,239.5449,270.7734,36.2056,,"CPU-1T"
"samsung","SM-A336E","14",34,"s5e8825",8,"yolo11s_320","IMG_4063-MOV_out0014_png.rf.f12c9a9d9bc1a12865d7f0d9c2699bd2.jpg",320,1,0,"102-cam-di-nguoc-chieu",0.8505,252.5885,1.1840,416.0247,261.5861,22.8190,264.7843,289.0293,106.5494,239.5449,270.7734,36.2056,,"CPU-1T"
"samsung","SM-A336E","14",34,"s5e8825",8,"yolo11s_320","IMG_4068-MOV_out0014_png.rf.46899b0d6413e15a0ae59681905e76ea.jpg",320,0,23,"131a-cam-do-xe",0.8777,450.1085,406.9139,469.2196,439.6943,23.1807,258.4505,282.7588,105.7420,240.0371,271.2227,36.2056,,"CPU-1T"
"samsung","SM-A336E","14",34,"s5e8825",8,"yolo11s_320","IMG_4088-MOV_out0008_png.rf.d90b9e2562e7f2317a06cd60967c20b2.jpg",320,0,22,"130-cam-dung-va-do-xe",0.9023,134.7965,200.8580,220.3975,346.2257,23.1338,263.2320,287.5553,105.0214,240.5059,271.6602,36.2056,,"CPU-1T"
"samsung","SM-A336E","14",34,"s5e8825",8,"yolo11s_320","IMG_4090-MOV_out0026_png.rf.878b7d031dda48c5609c1198ec6054fa.jpg",320,0,22,"130-cam-dung-va-do-xe",0.9068,241.3301,259.6298,326.1023,402.9367,22.9222,254.6715,278.8735,105.7798,240.9863,272.3477,36.2056,,"CPU-1T"
"samsung","SM-A336E","14",34,"s5e8825",8,"yolo11s_320","IMG_4090-MOV_out0026_png.rf.878b7d031dda48c5609c1198ec6054fa.jpg",320,1,23,"131a-cam-do-xe",0.8993,24.7515,527.9543,53.6409,576.4651,22.9222,254.6715,278.8735,105.7798,240.9863,272.3477,36.2056,,"CPU-1T"
"samsung","SM-A336E","14",34,"s5e8825",8,"yolo11s_320","IMG_4090-MOV_out0027_png.rf.88dba89fb23debf0a97ce44daab9bfb2.jpg",320,0,22,"130-cam-dung-va-do-xe",0.9436,235.3028,206.9281,324.8476,358.1477,23.9533,254.6467,279.9053,104.6760,241.4746,273.0430,36.2056,,"CPU-1T"
"samsung","SM-A336E","14",34,"s5e8825",8,"yolo11s_320","IMG_4090-MOV_out0027_png.rf.88dba89fb23debf0a97ce44daab9bfb2.jpg",320,1,23,"131a-cam-do-xe",0.8738,0.0673,495.0214,29.2956,544.9113,23.9533,254.6467,279.9053,104.6760,241.4746,273.0430,36.2056,,"CPU-1T"
"samsung","SM-A336E","14",34,"s5e8825",8,"yolo11s_320","IMG_4092-MOV_out0022_png.rf.713fb9936736c64cf149876cc11b2222.jpg",320,0,10,"124c-cam-re-trai-va-cam-quay-dau-xe",0.9640,90.0590,263.4019,221.2291,509.0338,22.8508,253.6321,277.6566,104.8032,241.9668,273.4883,36.2056,,"CPU-1T"
"samsung","SM-A336E","14",34,"s5e8825",8,"yolo11s_320","IMG_4094-MOV_out0042_png.rf.87f31848eb608dff4b9db2d8af1394c0.jpg",320,0,23,"131a-cam-do-xe",0.9445,280.4435,159.3013,419.7515,402.9230,22.8305,255.3707,279.5390,105.1708,242.4473,273.9219,36.2056,,"CPU-1T"
"samsung","SM-A336E","14",34,"s5e8825",8,"yolo11s_320","IMG_4102-MOV_out0004_png.rf.a8ff3f3168fed99a978b85593b5ae2d7.jpg",320,0,23,"131a-cam-do-xe",0.9413,76.6831,205.5450,224.5733,467.4128,22.8707,258.2978,282.3417,106.6065,242.9434,274.3711,36.2056,,"CPU-1T"
"samsung","SM-A336E","14",34,"s5e8825",8,"yolo11s_320","IMG_4112-MOV_out0033_png.rf.e613a1f06ff12b7a34f8ec255aeacb89.jpg",320,0,17,"127-toc-do-toi-da-60",0.9082,272.0278,142.6794,313.1454,211.1843,23.4018,255.5507,280.6410,104.7579,243.4512,274.8086,36.2056,,"CPU-1T"
"samsung","SM-A336E","14",34,"s5e8825",8,"yolo11s_320","IMG_4112-MOV_out0033_png.rf.e613a1f06ff12b7a34f8ec255aeacb89.jpg",320,1,19,"127-toc-do-toi-da-80",0.8672,215.1962,161.2187,256.0608,229.3032,23.4018,255.5507,280.6410,104.7579,243.4512,274.8086,36.2056,,"CPU-1T"
"samsung","SM-A336E","14",34,"s5e8825",8,"yolo11s_320","IMG_4112-MOV_out0033_png.rf.e613a1f06ff12b7a34f8ec255aeacb89.jpg",320,2,22,"130-cam-dung-va-do-xe",0.8663,269.6970,370.1927,301.3959,418.8810,23.4018,255.5507,280.6410,104.7579,243.4512,274.8086,36.2056,,"CPU-1T"
"samsung","SM-A336E","14",34,"s5e8825",8,"yolo11s_320","IMG_4112-MOV_out0033_png.rf.e613a1f06ff12b7a34f8ec255aeacb89.jpg",320,3,16,"127-toc-do-toi-da-50",0.8532,363.0772,172.6836,394.9321,226.3951,23.4018,255.5507,280.6410,104.7579,243.4512,274.8086,36.2056,,"CPU-1T"
"samsung","SM-A336E","14",34,"s5e8825",8,"yolo11s_320","IMG_4112-MOV_out0033_png.rf.e613a1f06ff12b7a34f8ec255aeacb89.jpg",320,4,22,"130-cam-dung-va-do-xe",0.8283,579.2175,448.7081,600.6633,481.5323,23.4018,255.5507,280.6410,104.7579,243.4512,274.8086,36.2056,,"CPU-1T"
"samsung","SM-A336E","14",34,"s5e8825",8,"yolo11s_320","IMG_4122-MOV_out0005_png.rf.1f4d23954e1988995727f1a64e6cbbbc.jpg",320,0,23,"131a-cam-do-xe",0.9144,286.8568,208.5206,360.5995,338.8804,23.4765,255.7199,280.3963,105.2049,243.9707,275.2891,36.2056,,"CPU-1T"
"samsung","SM-A336E","14",34,"s5e8825",8,"yolo11s_320","IMG_4122-MOV_out0064_png.rf.af462c333d954aee4ca15a655354abe5.jpg",320,0,23,"131a-cam-do-xe",0.9172,69.4900,319.9994,152.9245,458.3732,22.8000,255.6926,279.7471,105.4503,244.4590,275.7266,36.2056,,"CPU-1T"
"samsung","SM-A336E","14",34,"s5e8825",8,"yolo11s_320","IMG_4139-MOV_out0005_png.rf.97b28cd0c0f71780403c4b84d24d8a4a.jpg",320,0,41,"245-di-cham",0.9501,298.1938,251.4230,342.2488,331.5257,23.2361,257.9096,282.5401,106.1775,244.9512,276.4219,36.2056,,"CPU-1T"
"samsung","SM-A336E","14",34,"s5e8825",8,"yolo11s_320","IMG_4139-MOV_out0005_png.rf.97b28cd0c0f71780403c4b84d24d8a4a.jpg",320,1,39,"225-chu-y-tre-em",0.9126,293.7837,160.5685,343.2621,243.0753,23.2361,257.9096,282.5401,106.1775,244.9512,276.4219,36.2056,,"CPU-1T"
"samsung","SM-A336E","14",34,"s5e8825",8,"yolo11s_320","IMG_4146-MOV_out0029_png.rf.0daaf2020136bcd3f298eaf75ce59ef8.jpg",320,0,22,"130-cam-dung-va-do-xe",0.8968,103.9621,187.2631,134.4037,237.8399,22.8986,257.4745,281.4703,105.8702,245.4473,276.8789,36.2056,,"CPU-1T"
"samsung","SM-A336E","14",34,"s5e8825",8,"yolo11s_320","IMG_4153-MOV_out0027_png.rf.3b489fae87650e101d30d5c6a41cfc9f.jpg",320,0,16,"127-toc-do-toi-da-50",0.9302,444.6697,270.2495,495.5828,357.1959,22.8691,259.6247,284.1094,106.6468,245.9473,277.3203,36.2056,,"CPU-1T"
"samsung","SM-A336E","14",34,"s5e8825",8,"yolo11s_320","IMG_4153-MOV_out0027_png.rf.3b489fae87650e101d30d5c6a41cfc9f.jpg",320,1,19,"127-toc-do-toi-da-80",0.9202,84.5103,186.7154,132.8409,270.2836,22.8691,259.6247,284.1094,106.6468,245.9473,277.3203,36.2056,,"CPU-1T"
"samsung","SM-A336E","14",34,"s5e8825",8,"yolo11s_320","IMG_4153-MOV_out0027_png.rf.3b489fae87650e101d30d5c6a41cfc9f.jpg",320,2,17,"127-toc-do-toi-da-60",0.8992,135.8842,188.7660,183.2593,272.3813,22.8691,259.6247,284.1094,106.6468,245.9473,277.3203,36.2056,,"CPU-1T"
"samsung","SM-A336E","14",34,"s5e8825",8,"yolo11s_320","IMG_4153-MOV_out0027_png.rf.3b489fae87650e101d30d5c6a41cfc9f.jpg",320,3,22,"130-cam-dung-va-do-xe",0.7919,377.8972,514.2944,394.7194,540.0574,22.8691,259.6247,284.1094,106.6468,245.9473,277.3203,36.2056,,"CPU-1T"
"samsung","SM-A336E","14",34,"s5e8825",8,"yolo11s_320","IMG_4153-MOV_out0027_png.rf.3b489fae87650e101d30d5c6a41cfc9f.jpg",320,4,22,"130-cam-dung-va-do-xe",0.6069,533.7011,625.0015,547.3517,639.9953,22.8691,259.6247,284.1094,106.6468,245.9473,277.3203,36.2056,,"CPU-1T"
"samsung","SM-A336E","14",34,"s5e8825",8,"yolo11s_320","IMG_4156-MOV_out0004_png.rf.258de781248cb979aa7860533b259be6.jpg",320,0,8,"124a-cam-quay-dau-xe",0.8950,150.3705,267.6187,186.0993,326.0457,22.9712,255.7892,279.9984,105.3549,246.4707,277.8086,36.2056,,"CPU-1T"
"samsung","SM-A336E","14",34,"s5e8825",8,"yolo11s_320","IMG_4160-MOV_out0006_png.rf.d24a9a545520174ba55c97aecd39172b.jpg",320,0,22,"130-cam-dung-va-do-xe",0.8904,141.2663,220.9026,178.9504,283.7195,22.8798,259.0324,283.1509,105.5948,246.9707,278.2500,36.2056,,"CPU-1T"
"samsung","SM-A336E","14",34,"s5e8825",8,"yolo11s_320","IMG_4160-MOV_out0006_png.rf.d24a9a545520174ba55c97aecd39172b.jpg",320,1,23,"131a-cam-do-xe",0.8649,424.9853,358.4005,454.8173,406.1188,22.8798,259.0324,283.1509,105.5948,246.9707,278.2500,36.2056,,"CPU-1T"
"samsung","SM-A336E","14",34,"s5e8825",8,"yolo11s_320","IMG_4169-MOV_out0007_png.rf.2b7f1fe993d9f4ca54cf4c7d456f9a32.jpg",320,0,31,"201-cho-ngoat-nguy-hiem",0.9432,62.4731,47.8799,261.3539,373.6835,22.9634,257.1389,281.2862,105.5842,247.4668,279.1172,36.2056,,"CPU-1T"
"samsung","SM-A336E","14",34,"s5e8825",8,"yolo11s_320","IMG_4186-MOV_out0007_png.rf.1917a5c7b2cfe606bae80b1d817bf0f2.jpg",320,0,30,"137-cam-re-trai-va-re-phai",0.9537,181.5662,518.3893,224.8613,594.4474,23.0068,258.4451,282.8675,106.7612,247.9590,279.5547,36.2056,,"CPU-1T"
"samsung","SM-A336E","14",34,"s5e8825",8,"yolo11s_320","IMG_4186-MOV_out0007_png.rf.1917a5c7b2cfe606bae80b1d817bf0f2.jpg",320,1,23,"131a-cam-do-xe",0.9257,183.2122,441.2962,227.7054,517.5270,23.0068,258.4451,282.8675,106.7612,247.9590,279.5547,36.2056,,"CPU-1T"
"samsung","SM-A336E","14",34,"s5e8825",8,"yolo11s_320","IMG_4186-MOV_out0007_png.rf.1917a5c7b2cfe606bae80b1d817bf0f2.jpg",320,2,0,"102-cam-di-nguoc-chieu",0.8025,10.0463,611.0366,27.6360,639.4455,23.0068,258.4451,282.8675,106.7612,247.9590,279.5547,36.2056,,"CPU-1T"
"samsung","SM-A336E","14",34,"s5e8825",8,"yolo11s_320","IMG_4200-MOV_out0029_png.rf.0fb9f2aa37e8780adb2e719bb0d542bf.jpg",320,0,36,"209-giao-nhau-co-tin-hieu-den",0.8748,0.0000,47.3185,380.7307,640.0000,22.8550,256.4631,280.4364,105.5475,248.4746,280.0156,36.2056,,"CPU-1T"
"samsung","SM-A336E","14",34,"s5e8825",8,"yolo11s_320","IMG_4215-MOV_out0030_png.rf.ee7ce2f58d7f466d4ac5f502e75f7226.jpg",320,0,33,"205-duong-giao-nhau",0.9430,374.6362,197.7034,427.7785,278.7090,22.8910,257.8324,281.9142,106.4127,248.9590,280.4570,36.2056,,"CPU-1T"
"samsung","SM-A336E","14",34,"s5e8825",8,"yolo11s_320","IMG_4215-MOV_out0062_png.rf.3674eafd2b4fdfccc3e09fc9b26e7975.jpg",320,0,0,"102-cam-di-nguoc-chieu",0.9559,351.1478,260.1636,428.6267,399.6780,23.0475,263.7218,288.0732,107.6096,249.4590,280.8906,36.2056,,"CPU-1T"
"samsung","SM-A336E","14",34,"s5e8825",8,"yolo11s_320","IMG_4215-MOV_out0062_png.rf.3674eafd2b4fdfccc3e09fc9b26e7975.jpg",320,1,48,"302a-huong-phai-di-vong-chuong-ngai-vat-1",0.9203,349.3264,402.6170,427.2787,540.6065,23.0475,263.7218,288.0732,107.6096,249.4590,280.8906,36.2056,,"CPU-1T"
"samsung","SM-A336E","14",34,"s5e8825",8,"yolo11s_320","IMG_4218-MOV_out0006_png.rf.e57c98fe37e1ee748a41cbcc0fe9e60e.jpg",320,0,48,"302a-huong-phai-di-vong-chuong-ngai-vat-1",0.8930,0.1042,450.2988,14.8613,477.3063,23.0489,259.0806,283.5982,106.1337,249.9746,281.3477,36.2056,,"CPU-1T"
"samsung","SM-A336E","14",34,"s5e8825",8,"yolo11s_320","IMG_4218-MOV_out0006_png.rf.e57c98fe37e1ee748a41cbcc0fe9e60e.jpg",320,1,15,"127-toc-do-toi-da-40",0.8761,229.9869,426.1597,262.9693,476.9964,23.0489,259.0806,283.5982,106.1337,249.9746,281.3477,36.2056,,"CPU-1T"
"samsung","SM-A336E","14",34,"s5e8825",8,"yolo11s_320","IMG_4218-MOV_out0006_png.rf.e57c98fe37e1ee748a41cbcc0fe9e60e.jpg",320,2,0,"102-cam-di-nguoc-chieu",0.8725,0.0000,420.8817,14.5301,449.2734,23.0489,259.0806,283.5982,106.1337,249.9746,281.3477,36.2056,,"CPU-1T"
"samsung","SM-A336E","14",34,"s5e8825",8,"yolo11s_320","IMG_4218-MOV_out0006_png.rf.e57c98fe37e1ee748a41cbcc0fe9e60e.jpg",320,3,35,"208-giao-nhau-voi-duong-uu-tien",0.8690,232.6614,324.7834,262.9539,370.1776,23.0489,259.0806,283.5982,106.1337,249.9746,281.3477,36.2056,,"CPU-1T"
"samsung","SM-A336E","14",34,"s5e8825",8,"yolo11s_320","IMG_4218-MOV_out0006_png.rf.e57c98fe37e1ee748a41cbcc0fe9e60e.jpg",320,4,33,"205-duong-giao-nhau",0.4647,231.5808,372.1919,262.0638,418.9781,23.0489,259.0806,283.5982,106.1337,249.9746,281.3477,36.2056,,"CPU-1T"
"samsung","SM-A336E","14",34,"s5e8825",8,"yolo11s_320","MOV00728_mp4-0007_jpg.rf.9a2474f55178eaf5357d93dfbd910e22.jpg",320,0,53,"421-ket-thuc-khu-dong-dan-cu",0.9068,487.4512,54.4816,543.1049,144.1483,23.3547,266.7878,291.4575,105.6735,250.4902,281.8242,36.2056,,"CPU-1T"
"samsung","SM-A336E","14",34,"s5e8825",8,"yolo11s_320","MOV00732_mp4-0000_jpg.rf.b5cbb3eb96c921d963af9dcde7c08376.jpg",320,0,41,"245-di-cham",0.9293,430.8445,77.3662,450.0687,106.3952,22.8965,256.5713,280.9400,105.7143,250.9785,282.2617,36.2056,,"CPU-1T"
"samsung","SM-A336E","14",34,"s5e8825",8,"yolo11s_320","MOV00732_mp4-0000_jpg.rf.b5cbb3eb96c921d963af9dcde7c08376.jpg",320,1,41,"245-di-cham",0.6430,430.5101,109.0108,451.9428,144.1864,22.8965,256.5713,280.9400,105.7143,250.9785,282.2617,36.2056,,"CPU-1T"
"samsung","SM-A336E","14",34,"s5e8825",8,"yolo11s_320","NO20250629-160524-000060F_f01836_jpg.rf.e7d99b92332fab1542b1491d4f57523a.jpg",320,0,22,"130-cam-dung-va-do-xe",0.6328,1627.1471,764.1407,1694.9955,834.2156,26.3100,262.0945,289.5223,119.5038,239.0449,270.2344,36.2056,,"CPU-1T"
"samsung","SM-A336E","14",34,"s5e8825",8,"yolo11s_320","NO20250710-170649-000005F_f03588_jpg.rf.fe490bfaf5cd21106fe7a2a7b795521f.jpg",320,0,9,"124b-cam-oto-quay-dau-xe",0.8502,1714.3550,833.4816,1757.1333,877.8798,22.9894,254.5451,278.6247,106.5929,238.1855,269.8281,36.2056,,"CPU-1T"
"samsung","SM-A336E","14",34,"s5e8825",8,"yolo11s_320","NO20250710-170649-000005F_f03588_jpg.rf.fe490bfaf5cd21106fe7a2a7b795521f.jpg",320,1,54,"423a-duong-nguoi-di-bo-sang-ngang-1",0.7769,1996.8947,859.2889,2059.7979,934.2545,22.9894,254.5451,278.6247,106.5929,238.1855,269.8281,36.2056,,"CPU-1T"
"samsung","SM-A336E","14",34,"s5e8825",8,"yolo11s_320","NO20250710-170649-000005F_f03588_jpg.rf.fe490bfaf5cd21106fe7a2a7b795521f.jpg",320,2,37,"221-duong-go-ghe",0.3485,1997.9393,796.0863,2058.5410,858.3434,22.9894,254.5451,278.6247,106.5929,238.1855,269.8281,36.2056,,"CPU-1T"
"samsung","SM-A336E","14",34,"s5e8825",8,"yolo11s_320","NO20250712-170157-000088F_f00494_jpg.rf.c37edfad4641bfb747f5a2686ad5b113.jpg",320,0,50,"306-toc-do-toi-thieu-60",0.8931,1303.6163,865.6317,1345.8809,906.9256,23.1839,256.1360,280.5210,105.8722,238.6934,270.2813,36.2056,,"CPU-1T"
"samsung","SM-A336E","14",34,"s5e8825",8,"yolo11s_320","NO20250712-170157-000088F_f00494_jpg.rf.c37edfad4641bfb747f5a2686ad5b113.jpg",320,1,20,"127-toc-do-toi-da-90",0.2960,1233.1553,869.3585,1276.3433,907.6645,23.1839,256.1360,280.5210,105.8722,238.6934,270.2813,36.2056,,"CPU-1T"
"samsung","SM-A336E","14",34,"s5e8825",8,"yolo11s_320","Tua-n-Khanh-1968-online-video-cutter_com-_mp4-0112_jpg.rf.8fce825012051f902d66d1dd19ef8bb7.jpg",320,0,14,"127-toc-do-toi-da-30",0.9074,282.3832,261.9525,330.1447,289.1854,22.9910,258.8118,282.9496,106.0237,221.5410,253.0703,36.2056,,"CPU-1T"
"samsung","SM-A336E","14",34,"s5e8825",8,"yolo11s_320","Tua-n-Khanh-1968-online-video-cutter_com-_mp4-0138_jpg.rf.e47a884fcd76e6cafb53643de1017bc6.jpg",320,0,14,"127-toc-do-toi-da-30",0.8791,325.6936,230.6420,385.0981,266.6299,22.8764,260.5757,284.6092,105.7570,222.0293,253.5039,36.2056,,"CPU-1T"
"samsung","SM-A336E","14",34,"s5e8825",8,"yolo11s_320","ch0_20250430105300_20250430105600_f00252_jpg.rf.4f294a6511559e83c093a8303e3b864e.jpg",320,0,48,"302a-huong-phai-di-vong-chuong-ngai-vat-1",0.5691,839.7612,720.2236,859.8153,756.0251,22.7612,253.9180,277.8286,106.1783,231.3184,262.4453,36.2056,,"CPU-1T"
"samsung","SM-A336E","14",34,"s5e8825",8,"yolo11s_320","ch0_20250430105300_20250430105600_f00252_jpg.rf.4f294a6511559e83c093a8303e3b864e.jpg",320,1,0,"102-cam-di-nguoc-chieu",0.4338,839.8354,701.6871,859.4174,723.2042,22.7612,253.9180,277.8286,106.1783,231.3184,262.4453,36.2056,,"CPU-1T"
"samsung","SM-A336E","14",34,"s5e8825",8,"yolo11s_320","ch0_20250430105300_20250430105600_f01818_jpg.rf.cf5f087c0b376cff623398bedca0f505.jpg",320,0,23,"131a-cam-do-xe",0.6590,1377.7617,611.9456,1425.0656,660.0720,22.6338,256.6759,280.3745,105.9273,231.9004,263.4727,36.2056,,"CPU-1T"
"samsung","SM-A336E","14",34,"s5e8825",8,"yolo11s_320","ch0_20250504150617_20250504150917_f03930_jpg.rf.68f5c2124f1b4f9e99953613121153c1.jpg",320,0,7,"123b-cam-re-phai",0.3284,1154.0424,659.9938,1190.7450,702.4928,22.6480,255.1598,278.9670,106.4618,232.8691,264.3281,36.2056,,"CPU-1T"
"samsung","SM-A336E","14",34,"s5e8825",8,"yolo11s_320","ch0_20250504150617_20250504150917_f03930_jpg.rf.68f5c2124f1b4f9e99953613121153c1.jpg",320,1,34,"207-giao-nhau-voi-duong-khong-uu-tien",0.3268,1609.7025,513.1725,1669.2612,586.9305,22.6480,255.1598,278.9670,106.4618,232.8691,264.3281,36.2056,,"CPU-1T"
"samsung","SM-A336E","14",34,"s5e8825",8,"yolo11s_320","ch0_20250504150917_20250504151217_f01340_jpg.rf.77fa98ad4dd622017e43de43df162dd2.jpg",320,0,48,"302a-huong-phai-di-vong-chuong-ngai-vat-1",0.9232,525.7649,455.0198,645.4106,567.8134,22.7626,259.7140,283.7128,106.0910,233.3613,264.7734,36.2056,,"CPU-1T"
"samsung","SM-A336E","14",34,"s5e8825",8,"yolo11s_320","ch0_20250504150917_20250504151217_f01340_jpg.rf.77fa98ad4dd622017e43de43df162dd2.jpg",320,1,0,"102-cam-di-nguoc-chieu",0.8374,540.8834,347.2665,656.5304,455.1343,22.7626,259.7140,283.7128,106.0910,233.3613,264.7734,36.2056,,"CPU-1T"
"samsung","SM-A336E","14",34,"s5e8825",8,"yolo11s_320","ch0_20250504151217_20250504151517_f00100_jpg.rf.e3c5eab93106bc5a40bd66dd23b80c50.jpg",320,0,48,"302a-huong-phai-di-vong-chuong-ngai-vat-1",0.8691,286.5714,349.2256,383.0812,475.6784,22.8157,256.8592,280.9732,105.7018,234.3535,265.6445,36.2056,,"CPU-1T"
"samsung","SM-A336E","14",34,"s5e8825",8,"yolo11s_320","ch0_20250504151217_20250504151517_f00100_jpg.rf.e3c5eab93106bc5a40bd66dd23b80c50.jpg",320,1,0,"102-cam-di-nguoc-chieu",0.8163,312.9571,227.5496,406.9921,345.7856,22.8157,256.8592,280.9732,105.7018,234.3535,265.6445,36.2056,,"CPU-1T"
"samsung","SM-A336E","14",34,"s5e8825",8,"yolo11s_320","ch0_20250504151217_20250504151517_f03230_jpg.rf.158925432bebc859c1d9f0759e35dcd1.jpg",320,0,48,"302a-huong-phai-di-vong-chuong-ngai-vat-1",0.9143,623.6736,447.6877,730.8627,554.5200,22.8042,258.3887,282.4101,105.5175,234.8340,266.0898,36.2056,,"CPU-1T"
"samsung","SM-A336E","14",34,"s5e8825",8,"yolo11s_320","ch0_20250504151217_20250504151517_f03230_jpg.rf.158925432bebc859c1d9f0759e35dcd1.jpg",320,1,0,"102-cam-di-nguoc-chieu",0.8947,632.4252,341.3630,739.9596,439.5972,22.8042,258.3887,282.4101,105.5175,234.8340,266.0898,36.2056,,"CPU-1T"
"samsung","SM-A336E","14",34,"s5e8825",8,"yolo11s_320","ch0_20250504151817_20250504152117_f00860_jpg.rf.aed04b9771fccada2de65166143e3eb3.jpg",320,0,48,"302a-huong-phai-di-vong-chuong-ngai-vat-1",0.7359,804.8292,687.2822,840.7744,722.7841,22.8182,256.8557,280.7639,105.4244,236.2598,267.3828,36.2056,,"CPU-1T"
"samsung","SM-A336E","14",34,"s5e8825",8,"yolo11s_320","ch0_20250504151817_20250504152117_f00860_jpg.rf.aed04b9771fccada2de65166143e3eb3.jpg",320,1,0,"102-cam-di-nguoc-chieu",0.7016,804.8433,650.7122,840.2476,683.7318,22.8182,256.8557,280.7639,105.4244,236.2598,267.3828,36.2056,,"CPU-1T"
"samsung","SM-A336E","14",34,"s5e8825",8,"yolo11s_320","ch0_20250504151817_20250504152117_f03560_jpg.rf.fdb8dfbec5d0bef191ce8293ab736fc9.jpg",320,0,50,"306-toc-do-toi-thieu-60",0.9581,1159.7677,224.4282,1267.1748,333.4958,22.8230,255.4204,279.8298,105.4194,236.7754,267.8281,36.2056,,"CPU-1T"
"samsung","SM-A336E","14",34,"s5e8825",8,"yolo11s_320","ch0_20250504151817_20250504152117_f03560_jpg.rf.fdb8dfbec5d0bef191ce8293ab736fc9.jpg",320,1,50,"306-toc-do-toi-thieu-60",0.9196,854.1539,232.7672,961.7966,336.2264,22.8230,255.4204,279.8298,105.4194,236.7754,267.8281,36.2056,,"CPU-1T"
"samsung","SM-A336E","14",34,"s5e8825",8,"yolo11s_320","ch0_20250504151817_20250504152117_f03560_jpg.rf.fdb8dfbec5d0bef191ce8293ab736fc9.jpg",320,2,55,"437-bat-dau-duong-cao-toc",0.8693,1174.8975,103.8850,1246.0133,184.2810,22.8230,255.4204,279.8298,105.4194,236.7754,267.8281,36.2056,,"CPU-1T"
"samsung","SM-A336E","14",34,"s5e8825",8,"yolo11s_320","ch0_20250504151817_20250504152117_f03560_jpg.rf.fdb8dfbec5d0bef191ce8293ab736fc9.jpg",320,3,12,"127-toc-do-toi-da-100",0.8543,731.8874,238.3191,838.4423,341.2015,22.8230,255.4204,279.8298,105.4194,236.7754,267.8281,36.2056,,"CPU-1T"
"samsung","SM-A336E","14",34,"s5e8825",8,"yolo11s_320","ch0_20250504151817_20250504152117_f03560_jpg.rf.fdb8dfbec5d0bef191ce8293ab736fc9.jpg",320,4,12,"127-toc-do-toi-da-100",0.8532,1024.9659,226.2043,1144.1039,330.6956,22.8230,255.4204,279.8298,105.4194,236.7754,267.8281,36.2056,,"CPU-1T"
"samsung","SM-A336E","14",34,"s5e8825",8,"yolo11s_320","ch0_20250504151817_20250504152117_f03560_jpg.rf.fdb8dfbec5d0bef191ce8293ab736fc9.jpg",320,5,55,"437-bat-dau-duong-cao-toc",0.4072,687.4545,142.3205,725.7869,182.4273,22.8230,255.4204,279.8298,105.4194,236.7754,267.8281,36.2056,,"CPU-1T"
"samsung","SM-A336E","14",34,"s5e8825",8,"yolo11s_320","ch0_20250504154520_20250504154820_f02180_jpg.rf.33f076286bb1639912441813a8e67f2d.jpg",320,0,19,"127-toc-do-toi-da-80",0.7580,1302.8708,577.5408,1397.1577,674.5754,22.7104,254.4976,278.3241,105.2704,237.3301,268.5703,36.2056,,"CPU-1T"
"samsung","SM-A336E","14",34,"s5e8825",8,"yolo11s_320","ch0_20250504154520_20250504154820_f02180_jpg.rf.33f076286bb1639912441813a8e67f2d.jpg",320,1,17,"127-toc-do-toi-da-60",0.6845,1302.6420,578.8441,1397.4382,674.5110,22.7104,254.4976,278.3241,105.2704,237.3301,268.5703,36.2056,,"CPU-1T"
"samsung","SM-A336E","14",34,"s5e8825",8,"yolo11s_320","ch0_20250504154520_20250504154820_f02830_jpg.rf.4ce52082b9c10ae58656589d07172f7d.jpg",320,0,56,"438-ket-thuc-duong-cao-toc",0.9380,1308.9156,104.5533,1362.3091,172.4318,22.8727,255.5158,279.4909,105.9044,237.8379,269.0234,36.2056,,"CPU-1T"
"samsung","SM-A336E","14",34,"s5e8825",8,"yolo11s_320","ch0_20250504163332_20250504163632_f02200_jpg.rf.d8084ac703bc068a0dda1e098fcc769e.jpg",320,0,23,"131a-cam-do-xe",0.9356,1693.4506,488.0136,1735.1613,550.4892,22.7866,257.0747,281.1873,105.9774,238.3496,269.7148,36.2056,,"CPU-1T"
"samsung","SM-A336E","14",34,"s5e8825",8,"yolo11s_320","ch0_20250504163332_20250504163632_f02200_jpg.rf.d8084ac703bc068a0dda1e098fcc769e.jpg",320,1,0,"102-cam-di-nguoc-chieu",0.9070,575.3388,388.1481,644.7775,470.0381,22.7866,257.0747,281.1873,105.9774,238.3496,269.7148,36.2056,,"CPU-1T"
"samsung","SM-A336E","14",34,"s5e8825",8,"yolo11s_320","ch0_20250504163332_20250504163632_f02200_jpg.rf.d8084ac703bc068a0dda1e098fcc769e.jpg",320,2,48,"302a-huong-phai-di-vong-chuong-ngai-vat-1",0.8892,564.9756,479.9368,652.0644,563.5926,22.7866,257.0747,281.1873,105.9774,238.3496,269.7148,36.2056,,"CPU-1T"
"samsung","SM-A336E","14",34,"s5e8825",8,"yolo11s_320","ch0_20250504163332_20250504163632_f02200_jpg.rf.d8084ac703bc068a0dda1e098fcc769e.jpg",320,3,22,"130-cam-dung-va-do-xe",0.8531,1671.0135,375.9240,1713.4468,431.2379,22.7866,257.0747,281.1873,105.9774,238.3496,269.7148,36.2056,,"CPU-1T"
"samsung","SM-A336E","14",34,"s5e8825",8,"yolo11s_320","ch0_20250504163332_20250504163632_f02200_jpg.rf.d8084ac703bc068a0dda1e098fcc769e.jpg",320,4,17,"127-toc-do-toi-da-60",0.7499,1366.9271,577.1667,1399.2094,612.5387,22.7866,257.0747,281.1873,105.9774,238.3496,269.7148,36.2056,,"CPU-1T"
"samsung","SM-A336E","14",34,"s5e8825",8,"yolo11s_320","ch0_20250504163332_20250504163632_f02200_jpg.rf.d8084ac703bc068a0dda1e098fcc769e.jpg",320,5,17,"127-toc-do-toi-da-60",0.6627,1405.2019,573.6627,1435.9080,612.2490,22.7866,257.0747,281.1873,105.9774,238.3496,269.7148,36.2056,,"CPU-1T"
"samsung","SM-A336E","14",34,"s5e8825",8,"yolo11s_320","ch0_20250504163332_20250504163632_f02200_jpg.rf.d8084ac703bc068a0dda1e098fcc769e.jpg",320,6,17,"127-toc-do-toi-da-60",0.3539,1433.4525,574.2345,1464.4893,612.5460,22.7866,257.0747,281.1873,105.9774,238.3496,269.7148,36.2056,,"CPU-1T"
"samsung","SM-A336E","14",34,"s5e8825",8,"yolo11s_320","ch0_20250511151404_20250511151904_f02595_jpg.rf.d921c03cdea5fbba215a16bdfda74a5f.jpg",320,0,42,"301a-cac-xe-chi-duoc-di-thang",0.9650,1440.7747,249.6844,1560.2883,381.6798,22.9238,264.3559,288.3711,106.8045,239.5059,270.8320,36.2056,,"CPU-1T"
"samsung","SM-A336E","14",34,"s5e8825",8,"yolo11s_320","ch0_20250511152904_20250511153404_f01350_jpg.rf.095a607564ebd68f6172d7114a549455.jpg",320,0,2,"103b-cam-oto-re-phai",0.9034,1542.7388,557.8553,1604.2919,631.0250,22.6987,261.4441,285.2651,105.8645,239.9902,271.5234,36.2056,,"CPU-1T"
"samsung","SM-A336E","14",34,"s5e8825",8,"yolo11s_320","ch0_20250511152904_20250511153404_f01350_jpg.rf.095a607564ebd68f6172d7114a549455.jpg",320,1,3,"103c-cam-oto-re-trai",0.9014,1536.5057,480.8543,1598.4730,552.4673,22.6987,261.4441,285.2651,105.8645,239.9902,271.5234,36.2056,,"CPU-1T"
"samsung","SM-A336E","14",34,"s5e8825",8,"yolo11s_320","ch0_20250511153904_20250511154404_f02640_jpg.rf.a47a398c69b0b006451dac1cd622f542.jpg",320,0,48,"302a-huong-phai-di-vong-chuong-ngai-vat-1",0.6723,450.1691,608.1755,484.6493,660.0866,22.8419,257.4828,281.3852,105.5469,240.4785,271.9727,36.2056,,"CPU-1T"
"samsung","SM-A336E","14",34,"s5e8825",8,"yolo11s_320","ch0_20250511153904_20250511154404_f02640_jpg.rf.a47a398c69b0b006451dac1cd622f542.jpg",320,1,0,"102-cam-di-nguoc-chieu",0.6195,452.0858,558.5865,483.9855,606.0595,22.8419,257.4828,281.3852,105.5469,240.4785,271.9727,36.2056,,"CPU-1T"
"samsung","SM-A336E","14",34,"s5e8825",8,"yolo11s_320","ch0_20250511161258_20250511161758_f01807_jpg.rf.338d12bdbeda47bf65b2aaa154ccdc54.jpg",320,0,23,"131a-cam-do-xe",0.8098,1669.9636,503.2831,1709.4038,556.9202,22.8508,257.6547,281.6664,105.7962,240.9590,272.4180,36.2056,,"CPU-1T"
"samsung","SM-A336E","14",34,"s5e8825",8,"yolo11s_320","ch0_20250511161758_20250511162258_f03029_jpg.rf.e60388f056fd6de3298bc7058207e5f0.jpg",320,0,23,"131a-cam-do-xe",0.9428,1504.4205,493.0565,1555.9977,553.4346,22.7199,255.3646,279.1434,106.7530,241.4590,272.8633,36.2056,,"CPU-1T"
"samsung","SM-A336E","14",34,"s5e8825",8,"yolo11s_320","ch0_20250511163258_20250511163758_f05772_jpg.rf.dc078d52f13ec83aeca168a74000650f.jpg",320,0,9,"124b-cam-oto-quay-dau-xe",0.5309,1223.4006,611.4031,1259.2908,648.3668,22.7399,256.1546,280.0111,106.7793,241.9316,273.3008,36.2056,,"CPU-1T"
"samsung","SM-A336E","14",34,"s5e8825",8,"yolo11s_320","ch0_20250511163759_20250511164259_f05863_jpg.rf.207a395b469f8a7123bcb8a55f7dbde0.jpg",320,0,3,"103c-cam-oto-re-trai",0.3720,587.3367,188.4948,687.7982,281.7108,22.7944,260.0401,284.0584,105.9615,242.4160,273.7344,36.2056,,"CPU-1T"
"samsung","SM-A336E","14",34,"s5e8825",8,"yolo11s_320","ch0_20250517125209_20250517125709_f01287_jpg.rf.125dce0ef81540ea0d3244f51213b4ca.jpg",320,0,6,"123a-cam-re-trai",0.9436,1426.9995,603.5102,1468.3411,650.7567,22.8172,257.7377,281.8633,105.0131,242.8848,274.1758,36.2056,,"CPU-1T"
"samsung","SM-A336E","14",34,"s5e8825",8,"yolo11s_320","ch0_20250517125209_20250517125709_f01287_jpg.rf.125dce0ef81540ea0d3244f51213b4ca.jpg",320,1,6,"123a-cam-re-trai",0.7269,1236.2999,642.1813,1272.3296,675.6423,22.8172,257.7377,281.8633,105.0131,242.8848,274.1758,36.2056,,"CPU-1T"
"samsung","SM-A336E","14",34,"s5e8825",8,"yolo11s_320","ch0_20250517125709_20250517130209_f01937_jpg.rf.c6f1222828b588ac2d440b15e1af0634.jpg",320,0,27,"134-het-han-che-toc-do-toi-da",0.4284,1045.5004,643.3240,1080.5334,683.0056,22.7579,259.0920,282.9698,106.0165,243.3613,274.6211,36.2056,,"CPU-1T"
"samsung","SM-A336E","14",34,"s5e8825",8,"yolo11s_320","ch0_20250517162300_20250517162800_f05330_jpg.rf.004ce4e33d87f72d849ccc28afccd879.jpg",320,0,19,"127-toc-do-toi-da-80",0.5526,1356.8746,546.2115,1410.4634,601.2180,22.7501,254.2186,278.3405,105.6230,244.3262,275.4805,36.2056,,"CPU-1T"
"samsung","SM-A336E","14",34,"s5e8825",8,"yolo11s_320","ch0_20250517162801_20250517163301_f02184_jpg.rf.bf656ec4c0279059e2775f8a0b3306ac.jpg",320,0,11,"125-cam-vuot",0.5265,1633.4202,347.4677,1691.5833,425.3107,22.8037,269.3797,293.4198,106.3293,244.7910,276.1680,36.2056,,"CPU-1T"
"samsung","SM-A336E","14",34,"s5e8825",8,"yolo11s_320","ch0_20250517162801_20250517163301_f02184_jpg.rf.bf656ec4c0279059e2775f8a0b3306ac.jpg",320,1,11,"125-cam-vuot",0.3845,1560.4524,339.0363,1622.6039,420.3314,22.8037,269.3797,293.4198,106.3293,244.7910,276.1680,36.2056,,"CPU-1T"
"samsung","SM-A336E","14",34,"s5e8825",8,"yolo11s_320","ch0_20250517164301_20250517164801_f00507_jpg.rf.69bb4eae7f768bb5d9a88a35980330f1.jpg",320,0,22,"130-cam-dung-va-do-xe",0.9247,1564.2533,337.3570,1647.7531,443.3507,23.0421,271.4311,295.9082,108.1388,245.2725,276.6133,36.2056,,"CPU-1T"
"samsung","SM-A336E","14",34,"s5e8825",8,"yolo11s_320","ch0_20250517164301_20250517164801_f00507_jpg.rf.69bb4eae7f768bb5d9a88a35980330f1.jpg",320,1,17,"127-toc-do-toi-da-60",0.9139,303.9258,390.0668,368.7056,480.8553,23.0421,271.4311,295.9082,108.1388,245.2725,276.6133,36.2056,,"CPU-1T"
"samsung","SM-A336E","14",34,"s5e8825",8,"yolo11s_320","ch0_20250517171302_20250517171802_f01924_jpg.rf.e561c9eba1571fc7c47d3793e83a9454.jpg",320,0,1,"103a-cam-oto",0.4865,1410.5846,676.0165,1434.6392,708.0629,23.7038,274.5013,299.4531,110.8666,245.7490,277.0586,36.2056,,"CPU-1T"
"samsung","SM-A336E","14",34,"s5e8825",8,"yolo11s_320","ch0_20250517171302_20250517171802_f01924_jpg.rf.e561c9eba1571fc7c47d3793e83a9454.jpg",320,1,1,"103a-cam-oto",0.3739,1345.3004,682.6150,1368.6790,708.2084,23.7038,274.5013,299.4531,110.8666,245.7490,277.0586,36.2056,,"CPU-1T"
"samsung","SM-A336E","14",34,"s5e8825",8,"yolo11s_640","376_jpg.rf.4be45b6bd889aa6e8432f712997e88dd.jpg",640,0,5,"107-cam-oto-khach-va-oto-tai",0.8260,375.2985,277.3123,400.0811,295.5026,88.0352,1083.2440,1175.7160,106.4027,282.4873,314.0391,36.2777,,"CPU-1T"
"samsung","SM-A336E","14",34,"s5e8825",8,"yolo11s_640","376_jpg.rf.4be45b6bd889aa6e8432f712997e88dd.jpg",640,1,16,"127-toc-do-toi-da-50",0.7447,340.5604,315.8564,356.1915,328.0616,88.0352,1083.2440,1175.7160,106.4027,282.4873,314.0391,36.2777,,"CPU-1T"
"samsung","SM-A336E","14",34,"s5e8825",8,"yolo11s_640","4_mp4-0002_jpg.rf.378ddc9a1b8edabcf6883c5a72b0e80d.jpg",640,0,45,"301d-cac-xe-chi-duoc-re-phai-2",0.9241,387.8207,66.3190,531.0081,149.6019,88.3689,1087.3412,1180.1668,106.1709,284.2285,315.8438,36.2777,,"CPU-1T"
"samsung","SM-A336E","14",34,"s5e8825",8,"yolo11s_640","4_mp4-0065_jpg.rf.4a889c6bd7bfa8515b55bae6d21a9858.jpg",640,0,45,"301d-cac-xe-chi-duoc-re-phai-2",0.9299,468.0861,49.9287,618.0795,135.2549,87.9248,1071.3266,1163.6805,105.6986,285.9941,317.7031,36.2777,,"CPU-1T"
"samsung","SM-A336E","14",34,"s5e8825",8,"yolo11s_640","4_mp4-0079_jpg.rf.7bb0baec5c447fec393734ddc09eba72.jpg",640,0,45,"301d-cac-xe-chi-duoc-re-phai-2",0.9324,456.5706,58.0339,606.3361,143.1969,88.0655,1074.3937,1166.9691,105.8292,287.7715,319.3086,36.2777,,"CPU-1T"
"samsung","SM-A336E","14",34,"s5e8825",8,"yolo11s_640","517_jpg.rf.3365e9d3f7787c53d4f330c9317b2c3d.jpg",640,0,30,"137-cam-re-trai-va-re-phai",0.9175,363.1635,116.7413,393.4080,167.0279,88.2837,1096.6619,1189.1407,106.5471,289.5020,320.9141,36.2777,,"CPU-1T"
"samsung","SM-A336E","14",34,"s5e8825",8,"yolo11s_640","6432930985452_mp4-0006_jpg.rf.2a8f28c40fd6ecda3333caa0532c516f.jpg",640,0,33,"205-duong-giao-nhau",0.8599,319.8210,206.2043,397.4662,249.9149,88.5825,1092.9069,1185.8655,106.8410,291.2988,323.0664,36.2777,,"CPU-1T"
"samsung","SM-A336E","14",34,"s5e8825",8,"yolo11s_640","6432930985452_mp4-0006_jpg.rf.2a8f28c40fd6ecda3333caa0532c516f.jpg",640,1,31,"201-cho-ngoat-nguy-hiem",0.8459,318.0210,249.2835,388.6483,287.6510,88.5825,1092.9069,1185.8655,106.8410,291.2988,323.0664,36.2777,,"CPU-1T"
"samsung","SM-A336E","14",34,"s5e8825",8,"yolo11s_640","6432941026760_mp4-0002_jpg.rf.a3ad0991ac8035a20fec19321776f20e.jpg",640,0,39,"225-chu-y-tre-em",0.9735,88.9881,303.5710,137.8036,330.1732,88.2448,1070.2018,1162.6817,105.8753,293.0488,324.7930,36.2777,,"CPU-1T"
"samsung","SM-A336E","14",34,"s5e8825",8,"yolo11s_640","6432944636915_mp4-0028_jpg.rf.e2faf3f5559fde6bf98d92b08f8df413.jpg",640,0,29,"136-cam-di-thang",0.9016,136.9279,338.6704,170.0258,358.2504,88.2501,1072.6889,1165.4930,105.8773,294.8457,326.3984,36.2777,,"CPU-1T"
"samsung","SM-A336E","14",34,"s5e8825",8,"yolo11s_640","6432944636915_mp4-0028_jpg.rf.e2faf3f5559fde6bf98d92b08f8df413.jpg",640,1,35,"208-giao-nhau-voi-duong-uu-tien",0.8788,498.0825,318.4116,543.5070,347.4019,88.2501,1072.6889,1165.4930,105.8773,294.8457,326.3984,36.2777,,"CPU-1T"
"samsung","SM-A336E","14",34,"s5e8825",8,"yolo11s_640","6432944636915_mp4-0028_jpg.rf.e2faf3f5559fde6bf98d92b08f8df413.jpg",640,2,29,"136-cam-di-thang",0.8537,499.2510,262.9040,536.1396,289.1888,88.2501,1072.6889,1165.4930,105.8773,294.8457,326.3984,36.2777,,"CPU-1T"
"samsung","SM-A336E","14",34,"s5e8825",8,"yolo11s_640","6438222152829_mp4-0073_jpg.rf.821d491f7ae20e69e29ea8667ad15bf4.jpg",640,0,18,"127-toc-do-toi-da-70",0.9431,317.8906,261.6943,366.7548,289.9500,88.3795,1070.0968,1162.8550,106.1153,296.6582,328.4844,36.2777,,"CPU-1T"
"samsung","SM-A336E","14",34,"s5e8825",8,"yolo11s_640","6438222152829_mp4-0115_jpg.rf.9ecc4398589661778243262d2d7b58a7.jpg",640,0,18,"127-toc-do-toi-da-70",0.9242,79.9775,306.0625,130.2417,333.7513,89.4670,1069.4377,1163.0780,105.4952,298.4473,330.3477,36.2777,,"CPU-1T"
"samsung","SM-A336E","14",34,"s5e8825",8,"yolo11s_640","7_jpg.rf.fc20b3103435b9baf0d1537e5b75d37e.jpg",640,0,30,"137-cam-re-trai-va-re-phai",0.9217,10.0171,375.0927,32.3813,408.0873,88.2529,1066.9039,1159.7080,105.9744,300.2480,331.9609,36.2777,,"CPU-1T"
"samsung","SM-A336E","14",34,"s5e8825",8,"yolo11s_640","7_jpg.rf.fc20b3103435b9baf0d1537e5b75d37e.jpg",640,1,30,"137-cam-re-trai-va-re-phai",0.9215,0.0000,249.3591,21.9656,298.5113,88.2529,1066.9039,1159.7080,105.9744,300.2480,331.9609,36.2777,,"CPU-1T"
"samsung","SM-A336E","14",34,"s5e8825",8,"yolo11s_640","7_jpg.rf.fc20b3103435b9baf0d1537e5b75d37e.jpg",640,2,7,"123b-cam-re-phai",0.8328,176.8466,444.2736,186.5421,457.0536,88.2529,1066.9039,1159.7080,105.9744,300.2480,331.9609,36.2777,,"CPU-1T"
"samsung","SM-A336E","14",34,"s5e8825",8,"yolo11s_640","812_jpg.rf.9042caec1c9cb13ffd30654e9ef12a6f.jpg",640,0,51,"407a-duong-mot-chieu",0.9035,481.1925,234.6743,500.3350,267.9060,88.3253,1068.0495,1160.8540,106.2143,302.0488,333.5898,36.2777,,"CPU-1T"
"samsung","SM-A336E","14",34,"s5e8825",8,"yolo11s_640","812_jpg.rf.9042caec1c9cb13ffd30654e9ef12a6f.jpg",640,1,22,"130-cam-dung-va-do-xe",0.6467,433.5889,205.0529,456.1827,242.2024,88.3253,1068.0495,1160.8540,106.2143,302.0488,333.5898,36.2777,,"CPU-1T"
"samsung","SM-A336E","14",34,"s5e8825",8,"yolo11s_640","8_jpg.rf.2f29afa5c73f30e6db9c8febb349fdd5.jpg",640,0,30,"137-cam-re-trai-va-re-phai",0.9229,26.7525,207.2114,59.4550,262.0919,88.9611,1077.4872,1170.9826,105.6371,303.8535,335.2070,36.2777,,"CPU-1T"
"samsung","SM-A336E","14",34,"s5e8825",8,"yolo11s_640","8_jpg.rf.2f29afa5c73f30e6db9c8febb349fdd5.jpg",640,1,7,"123b-cam-re-phai",0.8953,241.1656,421.0623,250.7334,435.5552,88.9611,1077.4872,1170.9826,105.6371,303.8535,335.2070,36.2777,,"CPU-1T"
"samsung","SM-A336E","14",34,"s5e8825",8,"yolo11s_640","8_jpg.rf.2f29afa5c73f30e6db9c8febb349fdd5.jpg",640,2,30,"137-cam-re-trai-va-re-phai",0.8898,33.5826,343.1531,57.8457,379.7028,88.9611,1077.4872,1170.9826,105.6371,303.8535,335.2070,36.2777,,"CPU-1T"
"samsung","SM-A336E","14",34,"s5e8825",8,"yolo11s_640","946_jpg.rf.adbd2325400dbee2acc362c831534168.jpg",640,0,57,"442-cho",0.8946,407.7836,349.1760,430.1871,389.3494,88.3691,1064.2193,1157.1802,105.6873,305.6699,336.9727,36.2777,,"CPU-1T"
"samsung","SM-A336E","14",34,"s5e8825",8,"yolo11s_640","946_jpg.rf.adbd2325400dbee2acc362c831534168.jpg",640,1,23,"131a-cam-do-xe",0.8778,406.1420,304.2186,433.0663,348.0131,88.3691,1064.2193,1157.1802,105.6873,305.6699,336.9727,36.2777,,"CPU-1T"
"samsung","SM-A336E","14",34,"s5e8825",8,"yolo11s_640","986_jpg.rf.fb6f79659a343c46b133dd894286529e.jpg",640,0,37,"221-duong-go-ghe",0.9283,590.4832,247.6864,621.3755,288.8391,89.1789,1080.3925,1173.9718,105.9646,307.4785,339.1055,36.2777,,"CPU-1T"
"samsung","SM-A336E","14",34,"s5e8825",8,"yolo11s_640","986_jpg.rf.fb6f79659a343c46b133dd894286529e.jpg",640,1,38,"224-duong-nguoi-di-bo-cat-ngang",0.8384,593.1052,292.7646,622.5942,331.7691,89.1789,1080.3925,1173.9718,105.9646,307.4785,339.1055,36.2777,,"CPU-1T"
"samsung","SM-A336E","14",34,"s5e8825",8,"yolo11s_640","A-nh-ma-n-hi-nh-2025-03-23-lu-c-00_00_38_png.rf.33d0b8be20a15121992d6c781612db26.jpg",640,0,29,"136-cam-di-thang",0.9829,26.5971,118.4859,151.5901,300.4472,88.3110,1074.5778,1167.0968,106.0747,309.3145,341.5039,36.2777,,"CPU-1T"
"samsung","SM-A336E","14",34,"s5e8825",8,"yolo11s_640","Eddy2612-online-video-cutter_com-_mp4-0087_jpg.rf.a8b63de290830a8a569ab9b94e8c6b56.jpg",640,0,13,"127-toc-do-toi-da-20",0.9111,277.7571,127.6179,373.4480,186.3590,88.2056,1079.2855,1171.8273,106.2437,311.1191,343.2070,36.2777,,"CPU-1T"
"samsung","SM-A336E","14",34,"s5e8825",8,"yolo11s_640","Ghi-Ma-n-hi-nh-2025-03-23-lu-c-22_08_05_mov-0054_jpg.rf.8210917d1062e06e013d0cd56a0af732.jpg",640,0,49,"303-noi-giao-nhau-chay-theo-vong-xuyen",0.9197,194.5961,23.5411,454.3189,352.6918,88.2066,1083.1745,1175.7408,105.9753,312.9336,344.8242,36.2777,,"CPU-1T"
"samsung","SM-A336E","14",34,"s5e8825",8,"yolo11s_640","Ghi-Ma-n-hi-nh-2025-03-23-lu-c-22_25_28_mov-0039_jpg.rf.c3dffa99ceeb2ccfac3193655497d12e.jpg",640,0,36,"209-giao-nhau-co-tin-hieu-den",0.9098,131.1226,117.9989,224.6930,255.8974,88.2228,1072.8247,1165.4657,105.9656,314.7539,346.4297,36.2777,,"CPU-1T"
"samsung","SM-A336E","14",34,"s5e8825",8,"yolo11s_640","Ghi-Ma-n-hi-nh-2025-03-23-lu-c-22_25_28_mov-0146_jpg.rf.e35fdd91170a46c9280260785119000e.jpg",640,0,36,"209-giao-nhau-co-tin-hieu-den",0.9101,131.1129,117.9552,224.6733,255.8663,88.0293,1067.9922,1160.2887,106.5247,316.5625,348.2578,36.2777,,"CPU-1T"
"samsung","SM-A336E","14",34,"s5e8825",8,"yolo11s_640","Ghi-Ma-n-hi-nh-2025-04-02-lu-c-14_04_42_mov-0017_jpg.rf.b635a1968c52972696572e13f5cf98d6.jpg",640,0,44,"301c-cac-xe-chi-duoc-re-trai",0.9524,25.1042,45.5051,307.0394,617.2763,88.4984,1076.7587,1169.5651,105.7654,318.3789,349.8711,36.2777,,"CPU-1T"
"samsung","SM-A336E","14",34,"s5e8825",8,"yolo11s_640","Ghi-Ma-n-hi-nh-2025-04-02-lu-c-14_04_42_mov-0017_jpg.rf.b635a1968c52972696572e13f5cf98d6.jpg",640,1,44,"301c-cac-xe-chi-duoc-re-trai",0.9326,340.7493,43.1495,624.5708,618.3062,88.4984,1076.7587,1169.5651,105.7654,318.3789,349.8711,36.2777,,"CPU-1T"
"samsung","SM-A336E","14",34,"s5e8825",8,"yolo11s_640","Ghi-Ma-n-hi-nh-2025-04-02-lu-c-15_06_54_mov-0123_jpg.rf.197f8c0a1a3c6ef7eca2eb4bc9b02e42.jpg",640,0,52,"420-bat-dau-khu-dong-dan-cu",0.9082,91.8718,243.3181,382.1442,384.4750,88.4773,1075.7871,1168.3837,106.5570,320.1953,351.7344,36.2777,,"CPU-1T"
"samsung","SM-A336E","14",34,"s5e8825",8,"yolo11s_640","Ghi-Ma-n-hi-nh-2025-04-02-lu-c-15_06_54_mov-0169_jpg.rf.ffb7a1764cbb0e63ccaa9eea360f6403.jpg",640,0,52,"420-bat-dau-khu-dong-dan-cu",0.9088,91.8948,243.2851,382.1407,384.4758,88.4176,1096.7613,1189.4529,106.6030,322.0234,353.7617,36.2777,,"CPU-1T"
"samsung","SM-A336E","14",34,"s5e8825",8,"yolo11s_640","Ghi-Ma-n-hi-nh-2025-04-02-lu-c-15_38_46_mov-0128_jpg.rf.611046171b0f3d2701b8a6a449f93d27.jpg",640,0,53,"421-ket-thuc-khu-dong-dan-cu",0.9523,466.7014,198.1171,619.3357,339.0383,88.1459,1065.6779,1158.0499,106.5581,323.8398,355.6211,36.2777,,"CPU-1T"
"samsung","SM-A336E","14",34,"s5e8825",8,"yolo11s_640","IMG_0493_jpeg.rf.3ae39d1297e3e1de25b07f168e79bc36.jpg",640,0,25,"131c-cam-do-xe-ngay-chan",0.5037,710.5934,245.7147,882.6268,447.6796,90.4728,1097.4169,1193.1779,112.0527,281.5820,313.1719,36.2777,,"CPU-1T"
"samsung","SM-A336E","14",34,"s5e8825",8,"yolo11s_640","IMG_4007-MOV_out0082_png.rf.7bbdf7cb3b519eb3ae5d2c2185311585.jpg",640,0,0,"102-cam-di-nguoc-chieu",0.9518,39.9819,187.9155,78.6983,266.4111,89.1181,1085.9688,1179.5991,106.9003,275.9648,307.8242,36.2777,,"CPU-1T"
"samsung","SM-A336E","14",34,"s5e8825",8,"yolo11s_640","IMG_4007-MOV_out0082_png.rf.7bbdf7cb3b519eb3ae5d2c2185311585.jpg",640,1,48,"302a-huong-phai-di-vong-chuong-ngai-vat-1",0.9332,38.9276,270.7327,72.7112,348.4668,89.1181,1085.9688,1179.5991,106.9003,275.9648,307.8242,36.2777,,"CPU-1T"
"samsung","SM-A336E","14",34,"s5e8825",8,"yolo11s_640","IMG_4007-MOV_out0082_png.rf.7bbdf7cb3b519eb3ae5d2c2185311585.jpg",640,2,15,"127-toc-do-toi-da-40",0.8887,493.7630,402.0548,504.9967,418.7775,89.1181,1085.9688,1179.5991,106.9003,275.9648,307.8242,36.2777,,"CPU-1T"
"samsung","SM-A336E","14",34,"s5e8825",8,"yolo11s_640","IMG_4007-MOV_out0082_png.rf.7bbdf7cb3b519eb3ae5d2c2185311585.jpg",640,3,34,"207-giao-nhau-voi-duong-khong-uu-tien",0.7999,493.6857,384.3688,505.2347,400.7118,89.1181,1085.9688,1179.5991,106.9003,275.9648,307.8242,36.2777,,"CPU-1T"
"samsung","SM-A336E","14",34,"s5e8825",8,"yolo11s_640","IMG_4024-MOV_out0253_png.rf.503a4c4d1be9d04bb29a2d681fd63cf8.jpg",640,0,17,"127-toc-do-toi-da-60",0.9059,509.1576,240.8668,532.8282,290.1432,88.6632,1072.9359,1166.1768,106.6730,277.8242,309.7188,36.2777,,"CPU-1T"
"samsung","SM-A336E","14",34,"s5e8825",8,"yolo11s_640","IMG_4024-MOV_out0253_png.rf.503a4c4d1be9d04bb29a2d681fd63cf8.jpg",640,1,48,"302a-huong-phai-di-vong-chuong-ngai-vat-1",0.9019,233.2356,486.6606,254.1405,532.3567,88.6632,1072.9359,1166.1768,106.6730,277.8242,309.7188,36.2777,,"CPU-1T"
"samsung","SM-A336E","14",34,"s5e8825",8,"yolo11s_640","IMG_4024-MOV_out0253_png.rf.503a4c4d1be9d04bb29a2d681fd63cf8.jpg",640,2,0,"102-cam-di-nguoc-chieu",0.8826,233.0946,439.3039,252.4846,485.0043,88.6632,1072.9359,1166.1768,106.6730,277.8242,309.7188,36.2777,,"CPU-1T"
"samsung","SM-A336E","14",34,"s5e8825",8,"yolo11s_640","IMG_4024-MOV_out0253_png.rf.503a4c4d1be9d04bb29a2d681fd63cf8.jpg",640,3,19,"127-toc-do-toi-da-80",0.8726,409.3973,253.2760,432.6978,300.6902,88.6632,1072.9359,1166.1768,106.6730,277.8242,309.7188,36.2777,,"CPU-1T"
"samsung","SM-A336E","14",34,"s5e8825",8,"yolo11s_640","IMG_4028-MOV_out0011_png.rf.a99e3f8eb0f391dc63d04a13f66c7d92.jpg",640,0,17,"127-toc-do-toi-da-60",0.9268,368.3238,112.5753,421.7170,204.5886,88.6981,1075.1971,1168.4010,106.6410,279.6875,311.3594,36.2777,,"CPU-1T"
"samsung","SM-A336E","14",34,"s5e8825",8,"yolo11s_640","IMG_4028-MOV_out0011_png.rf.a99e3f8eb0f391dc63d04a13f66c7d92.jpg",640,1,22,"130-cam-dung-va-do-xe",0.9115,431.5266,270.8104,484.5653,360.6216,88.6981,1075.1971,1168.4010,106.6410,279.6875,311.3594,36.2777,,"CPU-1T"
"samsung","SM-A336E","14",34,"s5e8825",8,"yolo11s_640","IMG_4028-MOV_out0011_png.rf.a99e3f8eb0f391dc63d04a13f66c7d92.jpg",640,2,19,"127-toc-do-toi-da-80",0.8940,308.2299,117.5624,361.9055,208.8627,88.6981,1075.1971,1168.4010,106.6410,279.6875,311.3594,36.2777,,"CPU-1T"
"samsung","SM-A336E","14",34,"s5e8825",8,"yolo11s_640","IMG_4032-MOV_out0046_png.rf.2ee7f103233cddca5730e99df4bb569a.jpg",640,0,40,"227-cong-truong",0.9702,242.9507,426.9842,309.6410,532.9280,88.6644,1070.7828,1164.0581,106.0938,281.5391,312.9961,36.2777,,"CPU-1T"
"samsung","SM-A336E","14",34,"s5e8825",8,"yolo11s_640","IMG_4032-MOV_out0046_png.rf.2ee7f103233cddca5730e99df4bb569a.jpg",640,1,44,"301c-cac-xe-chi-duoc-re-trai",0.9397,154.2913,397.6519,219.4866,512.9478,88.6644,1070.7828,1164.0581,106.0938,281.5391,312.9961,36.2777,,"CPU-1T"
"samsung","SM-A336E","14",34,"s5e8825",8,"yolo11s_640","IMG_4032-MOV_out0046_png.rf.2ee7f103233cddca5730e99df4bb569a.jpg",640,2,1,"103a-cam-oto",0.9250,174.3972,163.2400,241.9205,281.0219,88.6644,1070.7828,1164.0581,106.0938,281.5391,312.9961,36.2777,,"CPU-1T"
"samsung","SM-A336E","14",34,"s5e8825",8,"yolo11s_640","IMG_4032-MOV_out0046_png.rf.2ee7f103233cddca5730e99df4bb569a.jpg",640,3,32,"203-duong-bi-hep",0.8564,69.7040,393.3884,135.3358,496.5676,88.6644,1070.7828,1164.0581,106.0938,281.5391,312.9961,36.2777,,"CPU-1T"
"samsung","SM-A336E","14",34,"s5e8825",8,"yolo11s_640","IMG_4041-MOV_out0020_png.rf.91d13da17f2f3d6f9c8ffdd204463ac2.jpg",640,0,31,"201-cho-ngoat-nguy-hiem",0.8153,140.2849,215.3599,219.7208,345.2070,88.6684,1063.4439,1156.4375,105.8418,283.3594,314.8867,36.2777,,"CPU-1T"
"samsung","SM-A336E","14",34,"s5e8825",8,"yolo11s_640","IMG_4047-MOV_out0012_png.rf.09ca70977f0bc67b6fa6c76255a2f296.jpg",640,0,6,"123a-cam-re-trai",0.9398,144.2601,332.0194,175.5791,382.2122,88.2734,1076.8671,1169.9030,105.5632,285.1406,316.5000,36.2777,,"CPU-1T"
"samsung","SM-A336E","14",34,"s5e8825",8,"yolo11s_640","IMG_4047-MOV_out0012_png.rf.09ca70977f0bc67b6fa6c76255a2f296.jpg",640,1,41,"245-di-cham",0.9044,204.6161,314.6606,240.6281,370.4209,88.2734,1076.8671,1169.9030,105.5632,285.1406,316.5000,36.2777,,"CPU-1T"
"samsung","SM-A336E","14",34,"s5e8825",8,"yolo11s_640","IMG_4047-MOV_out0012_png.rf.09ca70977f0bc67b6fa6c76255a2f296.jpg",640,2,6,"123a-cam-re-trai",0.9017,106.7010,355.0027,125.6347,384.7257,88.2734,1076.8671,1169.9030,105.5632,285.1406,316.5000,36.2777,,"CPU-1T"
"samsung","SM-A336E","14",34,"s5e8825",8,"yolo11s_640","IMG_4047-MOV_out0012_png.rf.09ca70977f0bc67b6fa6c76255a2f296.jpg",640,3,34,"207-giao-nhau-voi-duong-khong-uu-tien",0.8953,203.7389,256.0588,242.0656,311.4236,88.2734,1076.8671,1169.9030,105.5632,285.1406,316.5000,36.2777,,"CPU-1T"
"samsung","SM-A336E","14",34,"s5e8825",8,"yolo11s_640","IMG_4049-MOV_out0023_png.rf.176dec9b6c99c3073e95282376af54d4.jpg",640,0,16,"127-toc-do-toi-da-50",0.9195,273.5899,335.5240,287.4312,358.0514,88.8114,1071.4477,1164.9165,105.3290,286.9766,318.6445,36.2777,,"CPU-1T"
"samsung","SM-A336E","14",34,"s5e8825",8,"yolo11s_640","IMG_4049-MOV_out0023_png.rf.176dec9b6c99c3073e95282376af54d4.jpg",640,1,22,"130-cam-dung-va-do-xe",0.9165,137.1091,58.5315,201.0522,169.1078,88.8114,1071.4477,1164.9165,105.3290,286.9766,318.6445,36.2777,,"CPU-1T"
"samsung","SM-A336E","14",34,"s5e8825",8,"yolo11s_640","IMG_4049-MOV_out0023_png.rf.176dec9b6c99c3073e95282376af54d4.jpg",640,2,31,"201-cho-ngoat-nguy-hiem",0.8548,313.9122,444.5467,333.8171,474.0269,88.8114,1071.4477,1164.9165,105.3290,286.9766,318.6445,36.2777,,"CPU-1T"
"samsung","SM-A336E","14",34,"s5e8825",8,"yolo11s_640","IMG_4049-MOV_out0023_png.rf.176dec9b6c99c3073e95282376af54d4.jpg",640,3,16,"127-toc-do-toi-da-50",0.7928,373.4048,332.0716,387.6512,353.7941,88.8114,1071.4477,1164.9165,105.3290,286.9766,318.6445,36.2777,,"CPU-1T"
"samsung","SM-A336E","14",34,"s5e8825",8,"yolo11s_640","IMG_4049-MOV_out0023_png.rf.176dec9b6c99c3073e95282376af54d4.jpg",640,4,31,"201-cho-ngoat-nguy-hiem",0.3703,506.5226,500.4656,523.3547,526.0307,88.8114,1071.4477,1164.9165,105.3290,286.9766,318.6445,36.2777,,"CPU-1T"
"samsung","SM-A336E","14",34,"s5e8825",8,"yolo11s_640","IMG_4049-MOV_out0023_png.rf.176dec9b6c99c3073e95282376af54d4.jpg",640,5,16,"127-toc-do-toi-da-50",0.3374,94.3140,367.0547,112.1397,396.5591,88.8114,1071.4477,1164.9165,105.3290,286.9766,318.6445,36.2777,,"CPU-1T"
"samsung","SM-A336E","14",34,"s5e8825",8,"yolo11s_640","IMG_4051-MOV_out0049_png.rf.0cdced0af44df2b18e13adfddda976bb.jpg",640,0,41,"245-di-cham",0.9375,245.4203,156.0542,338.5898,291.2972,88.4311,1057.5280,1150.1046,105.1205,288.8242,320.5547,36.2777,,"CPU-1T"
"samsung","SM-A336E","14",34,"s5e8825",8,"yolo11s_640","IMG_4051-MOV_out0052_png.rf.c7fb9ae66a6356120ecff9f0903bb4a1.jpg",640,0,41,"245-di-cham",0.8848,323.2729,125.0297,404.8524,252.6452,88.9394,1081.0520,1174.3927,105.9266,290.7031,322.2539,36.2777,,"CPU-1T"
"samsung","SM-A336E","14",34,"s5e8825",8,"yolo11s_640","IMG_4052-MOV_out0095_png.rf.cd837ddfd7779c6029cf8843e67a522d.jpg",640,0,31,"201-cho-ngoat-nguy-hiem",0.8840,254.8997,257.6921,288.0904,305.7396,88.6862,1067.8471,1160.7613,105.1892,292.3828,323.8008,36.2777,,"CPU-1T"
"samsung","SM-A336E","14",34,"s5e8825",8,"yolo11s_640","IMG_4055-MOV_out0002_png.rf.94c5ef6aa29fbe4784d4de3f78f2b683.jpg",640,0,16,"127-toc-do-toi-da-50",0.8663,292.0905,142.5819,346.5800,254.1001,88.4510,1071.5389,1164.4595,105.6279,294.1484,325.9141,36.2777,,"CPU-1T"
"samsung","SM-A336E","14",34,"s5e8825",8,"yolo11s_640","IMG_4055-MOV_out0002_png.rf.94c5ef6aa29fbe4784d4de3f78f2b683.jpg",640,1,16,"127-toc-do-toi-da-50",0.8644,215.1773,135.4456,281.5135,247.2314,88.4510,1071.5389,1164.4595,105.6279,294.1484,325.9141,36.2777,,"CPU-1T"
"samsung","SM-A336E","14",34,"s5e8825",8,"yolo11s_640","IMG_4055-MOV_out0002_png.rf.94c5ef6aa29fbe4784d4de3f78f2b683.jpg",640,2,23,"131a-cam-do-xe",0.8501,76.9827,337.0345,122.1892,410.9084,88.4510,1071.5389,1164.4595,105.6279,294.1484,325.9141,36.2777,,"CPU-1T"
"samsung","SM-A336E","14",34,"s5e8825",8,"yolo11s_640","IMG_4063-MOV_out0014_png.rf.f12c9a9d9bc1a12865d7f0d9c2699bd2.jpg",640,0,48,"302a-huong-phai-di-vong-chuong-ngai-vat-1",0.9122,244.8932,276.1796,414.1981,582.1683,88.5216,1077.0648,1170.0868,105.6327,295.9102,327.5430,36.2777,,"CPU-1T"
"samsung","SM-A336E","14",34,"s5e8825",8,"yolo11s_640","IMG_4063-MOV_out0014_png.rf.f12c9a9d9bc1a12865d7f0d9c2699bd2.jpg",640,1,0,"102-cam-di-nguoc-chieu",0.8724,251.2789,0.2545,419.9070,263.7855,88.5216,1077.0648,1170.0868,105.6327,295.9102,327.5430,36.2777,,"CPU-1T"
"samsung","SM-A336E","14",34,"s5e8825",8,"yolo11s_640","IMG_4068-MOV_out0014_png.rf.46899b0d6413e15a0ae59681905e76ea.jpg",640,0,23,"131a-cam-do-xe",0.8686,449.4382,407.0253,469.7808,440.4923,88.7113,1075.3274,1168.3829,105.1877,297.7148,329.1680,36.2777,,"CPU-1T"
"samsung","SM-A336E","14",34,"s5e8825",8,"yolo11s_640","IMG_4088-MOV_out0008_png.rf.d90b9e2562e7f2317a06cd60967c20b2.jpg",640,0,22,"130-cam-dung-va-do-xe",0.9390,134.9324,200.0082,218.8346,345.4459,88.5026,1075.3277,1168.5652,105.5989,299.4961,330.7734,36.2777,,"CPU-1T"
"samsung","SM-A336E","14",34,"s5e8825",8,"yolo11s_640","IMG_4090-MOV_out0026_png.rf.878b7d031dda48c5609c1198ec6054fa.jpg",640,0,22,"130-cam-dung-va-do-xe",0.9401,241.7454,260.0844,325.3972,403.9953,89.7093,1082.3984,1176.5033,105.7366,301.2930,332.6367,36.2777,,"CPU-1T"
"samsung","SM-A336E","14",34,"s5e8825",8,"yolo11s_640","IMG_4090-MOV_out0026_png.rf.878b7d031dda48c5609c1198ec6054fa.jpg",640,1,23,"131a-cam-do-xe",0.8688,25.1509,528.5398,53.4927,576.5449,89.7093,1082.3984,1176.5033,105.7366,301.2930,332.6367,36.2777,,"CPU-1T"
"samsung","SM-A336E","14",34,"s5e8825",8,"yolo11s_640","IMG_4090-MOV_out0026_png.rf.878b7d031dda48c5609c1198ec6054fa.jpg",640,2,23,"131a-cam-do-xe",0.4354,632.3502,61.7983,640.0000,148.6991,89.7093,1082.3984,1176.5033,105.7366,301.2930,332.6367,36.2777,,"CPU-1T"
"samsung","SM-A336E","14",34,"s5e8825",8,"yolo11s_640","IMG_4090-MOV_out0027_png.rf.88dba89fb23debf0a97ce44daab9bfb2.jpg",640,0,22,"130-cam-dung-va-do-xe",0.9424,235.7032,206.9335,325.0666,357.7091,88.6887,1070.7915,1163.8075,105.3434,303.0898,334.7813,36.2777,,"CPU-1T"
"samsung","SM-A336E","14",34,"s5e8825",8,"yolo11s_640","IMG_4090-MOV_out0027_png.rf.88dba89fb23debf0a97ce44daab9bfb2.jpg",640,1,23,"131a-cam-do-xe",0.8600,0.2404,495.3897,28.7851,544.8709,88.6887,1070.7915,1163.8075,105.3434,303.0898,334.7813,36.2777,,"CPU-1T"
"samsung","SM-A336E","14",34,"s5e8825",8,"yolo11s_640","IMG_4092-MOV_out0022_png.rf.713fb9936736c64cf149876cc11b2222.jpg",640,0,10,"124c-cam-re-trai-va-cam-quay-dau-xe",0.9762,90.4160,262.0638,222.2478,511.9042,88.4517,1099.8729,1192.5327,105.7410,304.8906,336.4102,36.2777,,"CPU-1T"
"samsung","SM-A336E","14",34,"s5e8825",8,"yolo11s_640","IMG_4094-MOV_out0042_png.rf.87f31848eb608dff4b9db2d8af1394c0.jpg",640,0,23,"131a-cam-do-xe",0.8926,280.8921,159.9665,422.0403,404.8947,89.7371,1115.6328,1209.7910,106.6295,306.6992,338.2891,36.2777,,"CPU-1T"
"samsung","SM-A336E","14",34,"s5e8825",8,"yolo11s_640","IMG_4102-MOV_out0004_png.rf.a8ff3f3168fed99a978b85593b5ae2d7.jpg",640,0,23,"131a-cam-do-xe",0.9121,75.9039,206.6394,223.9749,466.8567,89.2763,1070.6351,1164.2765,105.9880,308.5117,339.8945,36.2777,,"CPU-1T"
"samsung","SM-A336E","14",34,"s5e8825",8,"yolo11s_640","IMG_4112-MOV_out0033_png.rf.e613a1f06ff12b7a34f8ec255aeacb89.jpg",640,0,17,"127-toc-do-toi-da-60",0.8937,271.7356,142.4205,313.0364,211.5038,88.6824,1067.6033,1160.9609,106.0325,310.3398,341.7578,36.2777,,"CPU-1T"
"samsung","SM-A336E","14",34,"s5e8825",8,"yolo11s_640","IMG_4112-MOV_out0033_png.rf.e613a1f06ff12b7a34f8ec255aeacb89.jpg",640,1,16,"127-toc-do-toi-da-50",0.8882,362.7566,173.0515,395.4352,225.8347,88.6824,1067.6033,1160.9609,106.0325,310.3398,341.7578,36.2777,,"CPU-1T"
"samsung","SM-A336E","14",34,"s5e8825",8,"yolo11s_640","IMG_4112-MOV_out0033_png.rf.e613a1f06ff12b7a34f8ec255aeacb89.jpg",640,2,22,"130-cam-dung-va-do-xe",0.8805,269.6342,369.6281,301.0627,419.0437,88.6824,1067.6033,1160.9609,106.0325,310.3398,341.7578,36.2777,,"CPU-1T"
"samsung","SM-A336E","14",34,"s5e8825",8,"yolo11s_640","IMG_4112-MOV_out0033_png.rf.e613a1f06ff12b7a34f8ec255aeacb89.jpg",640,3,19,"127-toc-do-toi-da-80",0.8707,215.1871,160.7458,255.9241,229.1762,88.6824,1067.6033,1160.9609,106.0325,310.3398,341.7578,36.2777,,"CPU-1T"
"samsung","SM-A336E","14",34,"s5e8825",8,"yolo11s_640","IMG_4112-MOV_out0033_png.rf.e613a1f06ff12b7a34f8ec255aeacb89.jpg",640,4,22,"130-cam-dung-va-do-xe",0.8615,579.6042,448.1069,600.2127,481.2388,88.6824,1067.6033,1160.9609,106.0325,310.3398,341.7578,36.2777,,"CPU-1T"
"samsung","SM-A336E","14",34,"s5e8825",8,"yolo11s_640","IMG_4122-MOV_out0005_png.rf.1f4d23954e1988995727f1a64e6cbbbc.jpg",640,0,23,"131a-cam-do-xe",0.9153,285.4026,207.0217,358.2677,338.2608,88.8061,1106.9637,1200.3955,107.4641,312.1680,343.6641,36.2777,,"CPU-1T"
"samsung","SM-A336E","14",34,"s5e8825",8,"yolo11s_640","IMG_4122-MOV_out0064_png.rf.af462c333d954aee4ca15a655354abe5.jpg",640,0,23,"131a-cam-do-xe",0.9137,70.5863,315.7876,152.0885,459.6813,88.5802,1092.3577,1185.2455,106.5597,313.9570,345.2734,36.2777,,"CPU-1T"
"samsung","SM-A336E","14",34,"s5e8825",8,"yolo11s_640","IMG_4139-MOV_out0005_png.rf.97b28cd0c0f71780403c4b84d24d8a4a.jpg",640,0,41,"245-di-cham",0.9225,297.9429,250.4911,342.4141,331.9877,89.0447,1098.8070,1192.4488,106.3353,315.7461,347.3984,36.2777,,"CPU-1T"
"samsung","SM-A336E","14",34,"s5e8825",8,"yolo11s_640","IMG_4139-MOV_out0005_png.rf.97b28cd0c0f71780403c4b84d24d8a4a.jpg",640,1,39,"225-chu-y-tre-em",0.8793,294.5726,162.4895,342.5732,243.5031,89.0447,1098.8070,1192.4488,106.3353,315.7461,347.3984,36.2777,,"CPU-1T"
"samsung","SM-A336E","14",34,"s5e8825",8,"yolo11s_640","IMG_4146-MOV_out0029_png.rf.0daaf2020136bcd3f298eaf75ce59ef8.jpg",640,0,22,"130-cam-dung-va-do-xe",0.9254,103.5744,187.5349,134.7960,238.3765,88.6680,1075.1457,1168.1637,106.0634,317.5703,349.0234,36.2777,,"CPU-1T"
"samsung","SM-A336E","14",34,"s5e8825",8,"yolo11s_640","IMG_4153-MOV_out0027_png.rf.3b489fae87650e101d30d5c6a41cfc9f.jpg",640,0,16,"127-toc-do-toi-da-50",0.9299,444.0536,271.7822,495.7179,358.1421,88.2795,1077.1241,1170.0774,105.6336,319.3555,350.8867,36.2777,,"CPU-1T"
"samsung","SM-A336E","14",34,"s5e8825",8,"yolo11s_640","IMG_4153-MOV_out0027_png.rf.3b489fae87650e101d30d5c6a41cfc9f.jpg",640,1,17,"127-toc-do-toi-da-60",0.9026,135.0063,188.2530,183.2098,273.4730,88.2795,1077.1241,1170.0774,105.6336,319.3555,350.8867,36.2777,,"CPU-1T"
"samsung","SM-A336E","14",34,"s5e8825",8,"yolo11s_640","IMG_4153-MOV_out0027_png.rf.3b489fae87650e101d30d5c6a41cfc9f.jpg",640,2,19,"127-toc-do-toi-da-80",0.9007,84.2284,186.6553,133.4110,271.3138,88.2795,1077.1241,1170.0774,105.6336,319.3555,350.8867,36.2777,,"CPU-1T"
"samsung","SM-A336E","14",34,"s5e8825",8,"yolo11s_640","IMG_4153-MOV_out0027_png.rf.3b489fae87650e101d30d5c6a41cfc9f.jpg",640,3,22,"130-cam-dung-va-do-xe",0.7899,378.1850,514.1335,394.5689,540.0505,88.2795,1077.1241,1170.0774,105.6336,319.3555,350.8867,36.2777,,"CPU-1T"
"samsung","SM-A336E","14",34,"s5e8825",8,"yolo11s_640","IMG_4153-MOV_out0027_png.rf.3b489fae87650e101d30d5c6a41cfc9f.jpg",640,4,22,"130-cam-dung-va-do-xe",0.3772,634.8102,534.7223,640.0000,578.0135,88.2795,1077.1241,1170.0774,105.6336,319.3555,350.8867,36.2777,,"CPU-1T"
"samsung","SM-A336E","14",34,"s5e8825",8,"yolo11s_640","IMG_4156-MOV_out0004_png.rf.258de781248cb979aa7860533b259be6.jpg",640,0,8,"124a-cam-quay-dau-xe",0.8633,150.3459,268.3370,185.1857,326.3160,88.4306,1074.1177,1167.0619,105.3924,321.1875,352.5391,36.2777,,"CPU-1T"
"samsung","SM-A336E","14",34,"s5e8825",8,"yolo11s_640","IMG_4160-MOV_out0006_png.rf.d24a9a545520174ba55c97aecd39172b.jpg",640,0,23,"131a-cam-do-xe",0.9056,425.0034,358.1249,454.8703,406.2679,88.4516,1068.4075,1161.3712,106.1671,322.9688,354.3984,36.2777,,"CPU-1T"
"samsung","SM-A336E","14",34,"s5e8825",8,"yolo11s_640","IMG_4160-MOV_out0006_png.rf.d24a9a545520174ba55c97aecd39172b.jpg",640,1,22,"130-cam-dung-va-do-xe",0.8987,140.9851,220.8864,178.7960,283.8070,88.4516,1068.4075,1161.3712,106.1671,322.9688,354.3984,36.2777,,"CPU-1T"
"samsung","SM-A336E","14",34,"s5e8825",8,"yolo11s_640","IMG_4169-MOV_out0007_png.rf.2b7f1fe993d9f4ca54cf4c7d456f9a32.jpg",640,0,31,"201-cho-ngoat-nguy-hiem",0.7747,63.0568,50.6560,258.7502,379.7482,88.6654,1070.7844,1164.1117,105.4876,324.7617,356.2773,36.2777,,"CPU-1T"
"samsung","SM-A336E","14",34,"s5e8825",8,"yolo11s_640","IMG_4186-MOV_out0007_png.rf.1917a5c7b2cfe606bae80b1d817bf0f2.jpg",640,0,30,"137-cam-re-trai-va-re-phai",0.9610,182.2592,520.3861,225.6040,593.8422,89.2425,1092.0394,1185.7303,105.6728,326.5586,358.1328,36.2777,,"CPU-1T"
"samsung","SM-A336E","14",34,"s5e8825",8,"yolo11s_640","IMG_4186-MOV_out0007_png.rf.1917a5c7b2cfe606bae80b1d817bf0f2.jpg",640,1,23,"131a-cam-do-xe",0.8913,183.5330,441.7159,227.9424,517.4635,89.2425,1092.0394,1185.7303,105.6728,326.5586,358.1328,36.2777,,"CPU-1T"
"samsung","SM-A336E","14",34,"s5e8825",8,"yolo11s_640","IMG_4186-MOV_out0007_png.rf.1917a5c7b2cfe606bae80b1d817bf0f2.jpg",640,2,0,"102-cam-di-nguoc-chieu",0.8558,10.0933,610.9183,27.6814,639.6701,89.2425,1092.0394,1185.7303,105.6728,326.5586,358.1328,36.2777,,"CPU-1T"
"samsung","SM-A336E","14",34,"s5e8825",8,"yolo11s_640","IMG_4200-MOV_out0029_png.rf.0fb9f2aa37e8780adb2e719bb0d542bf.jpg",640,0,36,"209-giao-nhau-co-tin-hieu-den",0.9202,0.0000,2.8880,392.8130,640.0000,88.7288,1077.5979,1170.6840,105.6643,328.3789,359.7656,36.2777,,"CPU-1T"
"samsung","SM-A336E","14",34,"s5e8825",8,"yolo11s_640","IMG_4215-MOV_out0030_png.rf.ee7ce2f58d7f466d4ac5f502e75f7226.jpg",640,0,33,"205-duong-giao-nhau",0.9142,373.4500,196.7290,427.7942,279.8449,88.5558,1088.3614,1181.5488,105.7082,330.1719,361.5273,36.2777,,"CPU-1T"
"samsung","SM-A336E","14",34,"s5e8825",8,"yolo11s_640","IMG_4215-MOV_out0062_png.rf.3674eafd2b4fdfccc3e09fc9b26e7975.jpg",640,0,0,"102-cam-di-nguoc-chieu",0.9820,351.1927,261.5515,428.8994,399.7798,88.6404,1071.2147,1164.5974,105.9589,331.9922,363.3906,36.2777,,"CPU-1T"
"samsung","SM-A336E","14",34,"s5e8825",8,"yolo11s_640","IMG_4215-MOV_out0062_png.rf.3674eafd2b4fdfccc3e09fc9b26e7975.jpg",640,1,48,"302a-huong-phai-di-vong-chuong-ngai-vat-1",0.9689,348.7148,401.7086,427.0590,540.0727,88.6404,1071.2147,1164.5974,105.9589,331.9922,363.3906,36.2777,,"CPU-1T"
"samsung","SM-A336E","14",34,"s5e8825",8,"yolo11s_640","IMG_4218-MOV_out0006_png.rf.e57c98fe37e1ee748a41cbcc0fe9e60e.jpg",640,0,15,"127-toc-do-toi-da-40",0.9041,230.1358,426.0822,262.7135,476.3464,91.8493,1078.1073,1174.7792,109.7222,278.6445,310.1523,36.2777,,"CPU-1T"
"samsung","SM-A336E","14",34,"s5e8825",8,"yolo11s_640","IMG_4218-MOV_out0006_png.rf.e57c98fe37e1ee748a41cbcc0fe9e60e.jpg",640,1,48,"302a-huong-phai-di-vong-chuong-ngai-vat-1",0.8761,0.0000,450.1117,14.2957,477.4930,91.8493,1078.1073,1174.7792,109.7222,278.6445,310.1523,36.2777,,"CPU-1T"
"samsung","SM-A336E","14",34,"s5e8825",8,"yolo11s_640","IMG_4218-MOV_out0006_png.rf.e57c98fe37e1ee748a41cbcc0fe9e60e.jpg",640,2,35,"208-giao-nhau-voi-duong-uu-tien",0.8554,232.2501,324.7404,262.9067,371.1367,91.8493,1078.1073,1174.7792,109.7222,278.6445,310.1523,36.2777,,"CPU-1T"
"samsung","SM-A336E","14",34,"s5e8825",8,"yolo11s_640","IMG_4218-MOV_out0006_png.rf.e57c98fe37e1ee748a41cbcc0fe9e60e.jpg",640,3,33,"205-duong-giao-nhau",0.8496,232.0180,374.8558,261.0775,419.8759,91.8493,1078.1073,1174.7792,109.7222,278.6445,310.1523,36.2777,,"CPU-1T"
"samsung","SM-A336E","14",34,"s5e8825",8,"yolo11s_640","IMG_4218-MOV_out0006_png.rf.e57c98fe37e1ee748a41cbcc0fe9e60e.jpg",640,4,0,"102-cam-di-nguoc-chieu",0.8484,0.0466,421.3042,14.3906,448.8403,91.8493,1078.1073,1174.7792,109.7222,278.6445,310.1523,36.2777,,"CPU-1T"
"samsung","SM-A336E","14",34,"s5e8825",8,"yolo11s_640","MOV00728_mp4-0007_jpg.rf.9a2474f55178eaf5357d93dfbd910e22.jpg",640,0,53,"421-ket-thuc-khu-dong-dan-cu",0.9421,487.4296,52.9961,542.7899,145.7619,89.2257,1094.6920,1188.2100,106.2098,277.8555,309.2070,36.2777,,"CPU-1T"
"samsung","SM-A336E","14",34,"s5e8825",8,"yolo11s_640","MOV00732_mp4-0000_jpg.rf.b5cbb3eb96c921d963af9dcde7c08376.jpg",640,0,41,"245-di-cham",0.8920,430.3669,75.2819,450.4283,107.4219,88.4822,1078.8268,1171.7229,106.5092,279.7070,311.3164,36.2777,,"CPU-1T"
"samsung","SM-A336E","14",34,"s5e8825",8,"yolo11s_640","MOV00732_mp4-0000_jpg.rf.b5cbb3eb96c921d963af9dcde7c08376.jpg",640,1,38,"224-duong-nguoi-di-bo-cat-ngang",0.8500,429.9598,110.5877,452.9869,143.6500,88.4822,1078.8268,1171.7229,106.5092,279.7070,311.3164,36.2777,,"CPU-1T"
"samsung","SM-A336E","14",34,"s5e8825",8,"yolo11s_640","NO20250629-160524-000060F_f01836_jpg.rf.e7d99b92332fab1542b1491d4f57523a.jpg",640,0,22,"130-cam-dung-va-do-xe",0.8628,1626.6453,765.5758,1696.4469,833.5349,90.8196,1088.8434,1183.9088,106.0888,299.2344,330.6211,36.2777,,"CPU-1T"
"samsung","SM-A336E","14",34,"s5e8825",8,"yolo11s_640","NO20250629-160524-000060F_f01836_jpg.rf.e7d99b92332fab1542b1491d4f57523a.jpg",640,1,27,"134-het-han-che-toc-do-toi-da",0.2887,1221.1357,1119.8345,1257.5205,1155.6134,90.8196,1088.8434,1183.9088,106.0888,299.2344,330.6211,36.2777,,"CPU-1T"
"samsung","SM-A336E","14",34,"s5e8825",8,"yolo11s_640","NO20250629-160524-000060F_f01836_jpg.rf.e7d99b92332fab1542b1491d4f57523a.jpg",640,2,27,"134-het-han-che-toc-do-toi-da",0.2625,1271.7346,1078.3086,1295.4330,1105.7928,90.8196,1088.8434,1183.9088,106.0888,299.2344,330.6211,36.2777,,"CPU-1T"
"samsung","SM-A336E","14",34,"s5e8825",8,"yolo11s_640","NO20250710-170649-000005F_f03588_jpg.rf.fe490bfaf5cd21106fe7a2a7b795521f.jpg",640,0,54,"423a-duong-nguoi-di-bo-sang-ngang-1",0.9284,1996.4402,865.8650,2066.5073,942.9430,90.5109,1068.9403,1164.0212,105.4959,301.0781,332.4336,36.2777,,"CPU-1T"
"samsung","SM-A336E","14",34,"s5e8825",8,"yolo11s_640","NO20250710-170649-000005F_f03588_jpg.rf.fe490bfaf5cd21106fe7a2a7b795521f.jpg",640,1,37,"221-duong-go-ghe",0.9038,1997.9066,796.9170,2061.4980,858.4592,90.5109,1068.9403,1164.0212,105.4959,301.0781,332.4336,36.2777,,"CPU-1T"
"samsung","SM-A336E","14",34,"s5e8825",8,"yolo11s_640","NO20250710-170649-000005F_f03588_jpg.rf.fe490bfaf5cd21106fe7a2a7b795521f.jpg",640,2,9,"124b-cam-oto-quay-dau-xe",0.8904,1714.8591,835.4240,1759.6399,881.5738,90.5109,1068.9403,1164.0212,105.4959,301.0781,332.4336,36.2777,,"CPU-1T"
"samsung","SM-A336E","14",34,"s5e8825",8,"yolo11s_640","NO20250712-170157-000088F_f00494_jpg.rf.c37edfad4641bfb747f5a2686ad5b113.jpg",640,0,20,"127-toc-do-toi-da-90",0.9319,1233.6724,866.1371,1273.5902,904.8652,92.5913,1079.5309,1176.3109,106.0938,302.8906,334.3008,36.2777,,"CPU-1T"
"samsung","SM-A336E","14",34,"s5e8825",8,"yolo11s_640","NO20250712-170157-000088F_f00494_jpg.rf.c37edfad4641bfb747f5a2686ad5b113.jpg",640,1,50,"306-toc-do-toi-thieu-60",0.9219,1302.0067,866.2002,1340.1030,902.1513,92.5913,1079.5309,1176.3109,106.0938,302.8906,334.3008,36.2777,,"CPU-1T"
"samsung","SM-A336E","14",34,"s5e8825",8,"yolo11s_640","NO20250712-170157-000088F_f00494_jpg.rf.c37edfad4641bfb747f5a2686ad5b113.jpg",640,2,55,"437-bat-dau-duong-cao-toc",0.8290,1348.9009,804.0378,1378.4320,839.9808,92.5913,1079.5309,1176.3109,106.0938,302.8906,334.3008,36.2777,,"CPU-1T"
"samsung","SM-A336E","14",34,"s5e8825",8,"yolo11s_640","Tua-n-Khanh-1968-online-video-cutter_com-_mp4-0112_jpg.rf.8fce825012051f902d66d1dd19ef8bb7.jpg",640,0,14,"127-toc-do-toi-da-30",0.9310,282.2367,261.5107,329.7394,288.2748,88.3051,1076.6629,1169.5155,105.4278,287.0547,318.2695,36.2777,,"CPU-1T"
"samsung","SM-A336E","14",34,"s5e8825",8,"yolo11s_640","Tua-n-Khanh-1968-online-video-cutter_com-_mp4-0138_jpg.rf.e47a884fcd76e6cafb53643de1017bc6.jpg",640,0,14,"127-toc-do-toi-da-30",0.9216,325.2137,230.4857,385.4290,266.4553,89.9432,1100.3703,1194.6866,105.8013,288.8203,320.3867,36.2777,,"CPU-1T"
"samsung","SM-A336E","14",34,"s5e8825",8,"yolo11s_640","ch0_20250430101655_20250430101955_f01670_jpg.rf.d6ff095299d7c2bbf492f0669090f6a8.jpg",640,0,54,"423a-duong-nguoi-di-bo-sang-ngang-1",0.9067,1276.7992,663.9631,1320.7804,709.2647,89.8977,1098.5755,1192.5266,105.9091,298.7266,330.7344,36.2777,,"CPU-1T"
"samsung","SM-A336E","14",34,"s5e8825",8,"yolo11s_640","ch0_20250430104659_20250430104959_f03780_jpg.rf.65565d95b7a5537f767c535dc4e16cd0.jpg",640,0,54,"423a-duong-nguoi-di-bo-sang-ngang-1",0.9044,1325.5283,667.1906,1372.7175,717.6445,89.5512,1071.0006,1164.6569,105.6101,302.2344,333.9336,36.2777,,"CPU-1T"
"samsung","SM-A336E","14",34,"s5e8825",8,"yolo11s_640","ch0_20250430104659_20250430104959_f03780_jpg.rf.65565d95b7a5537f767c535dc4e16cd0.jpg",640,1,34,"207-giao-nhau-voi-duong-khong-uu-tien",0.8691,1582.1115,590.7642,1628.5067,647.6585,89.5512,1071.0006,1164.6569,105.6101,302.2344,333.9336,36.2777,,"CPU-1T"
"samsung","SM-A336E","14",34,"s5e8825",8,"yolo11s_640","ch0_20250430105300_20250430105600_f00252_jpg.rf.4f294a6511559e83c093a8303e3b864e.jpg",640,0,0,"102-cam-di-nguoc-chieu",0.5617,841.6990,700.7992,860.0726,720.6855,90.7788,1124.6519,1219.6683,106.5039,305.8477,337.4180,36.2777,,"CPU-1T"
"samsung","SM-A336E","14",34,"s5e8825",8,"yolo11s_640","ch0_20250430105300_20250430105600_f00252_jpg.rf.4f294a6511559e83c093a8303e3b864e.jpg",640,1,48,"302a-huong-phai-di-vong-chuong-ngai-vat-1",0.4393,840.9186,721.1560,859.9645,744.2055,90.7788,1124.6519,1219.6683,106.5039,305.8477,337.4180,36.2777,,"CPU-1T"
"samsung","SM-A336E","14",34,"s5e8825",8,"yolo11s_640","ch0_20250430105300_20250430105600_f01818_jpg.rf.cf5f087c0b376cff623398bedca0f505.jpg",640,0,22,"130-cam-dung-va-do-xe",0.8613,1381.8795,611.8362,1423.6854,659.2332,89.9848,1099.7553,1194.1452,105.7656,307.6602,339.0430,36.2777,,"CPU-1T"
"samsung","SM-A336E","14",34,"s5e8825",8,"yolo11s_640","ch0_20250430105300_20250430105600_f01818_jpg.rf.cf5f087c0b376cff623398bedca0f505.jpg",640,1,16,"127-toc-do-toi-da-50",0.3223,1414.8765,736.3525,1433.6660,763.9296,89.9848,1099.7553,1194.1452,105.7656,307.6602,339.0430,36.2777,,"CPU-1T"
"samsung","SM-A336E","14",34,"s5e8825",8,"yolo11s_640","ch0_20250504150317_20250504150617_f01420_jpg.rf.e71c01097d00aafd575a2d1fa70714c9.jpg",640,0,0,"102-cam-di-nguoc-chieu",0.5221,893.8354,666.6034,913.2841,685.6870,90.4136,1076.0977,1170.5369,105.8483,309.4727,340.6758,36.2777,,"CPU-1T"
"samsung","SM-A336E","14",34,"s5e8825",8,"yolo11s_640","ch0_20250504150617_20250504150917_f03930_jpg.rf.68f5c2124f1b4f9e99953613121153c1.jpg",640,0,9,"124b-cam-oto-quay-dau-xe",0.7723,1152.2062,660.8028,1192.4911,700.0923,90.4955,1073.6092,1168.5708,106.4543,311.2617,342.2891,36.2777,,"CPU-1T"
"samsung","SM-A336E","14",34,"s5e8825",8,"yolo11s_640","ch0_20250504150617_20250504150917_f03930_jpg.rf.68f5c2124f1b4f9e99953613121153c1.jpg",640,1,38,"224-duong-nguoi-di-bo-cat-ngang",0.3823,1607.9572,511.4592,1671.8617,587.0462,90.4955,1073.6092,1168.5708,106.4543,311.2617,342.2891,36.2777,,"CPU-1T"
"samsung","SM-A336E","14",34,"s5e8825",8,"yolo11s_640","ch0_20250504150617_20250504150917_f03930_jpg.rf.68f5c2124f1b4f9e99953613121153c1.jpg",640,2,34,"207-giao-nhau-voi-duong-khong-uu-tien",0.3552,1607.2189,511.3537,1671.5790,587.7534,90.4955,1073.6092,1168.5708,106.4543,311.2617,342.2891,36.2777,,"CPU-1T"
"samsung","SM-A336E","14",34,"s5e8825",8,"yolo11s_640","ch0_20250504150917_20250504151217_f01340_jpg.rf.77fa98ad4dd622017e43de43df162dd2.jpg",640,0,48,"302a-huong-phai-di-vong-chuong-ngai-vat-1",0.9287,526.4828,455.1483,645.1436,570.7140,90.1679,1087.1999,1182.1756,106.0752,313.0742,344.1758,36.2777,,"CPU-1T"
"samsung","SM-A336E","14",34,"s5e8825",8,"yolo11s_640","ch0_20250504150917_20250504151217_f01340_jpg.rf.77fa98ad4dd622017e43de43df162dd2.jpg",640,1,0,"102-cam-di-nguoc-chieu",0.8921,544.0750,346.8239,658.8831,457.1624,90.1679,1087.1999,1182.1756,106.0752,313.0742,344.1758,36.2777,,"CPU-1T"
"samsung","SM-A336E","14",34,"s5e8825",8,"yolo11s_640","ch0_20250504150917_20250504151217_f03740_jpg.rf.d23464a0849d09491280af611f02aadb.jpg",640,0,54,"423a-duong-nguoi-di-bo-sang-ngang-1",0.8028,1666.8036,604.8045,1729.3751,695.3736,90.1403,1077.1566,1171.5326,106.3560,314.8672,346.5664,36.2777,,"CPU-1T"
"samsung","SM-A336E","14",34,"s5e8825",8,"yolo11s_640","ch0_20250504150917_20250504151217_f03740_jpg.rf.d23464a0849d09491280af611f02aadb.jpg",640,1,9,"124b-cam-oto-quay-dau-xe",0.2884,1307.8860,663.8198,1332.0853,688.7723,90.1403,1077.1566,1171.5326,106.3560,314.8672,346.5664,36.2777,,"CPU-1T"
"samsung","SM-A336E","14",34,"s5e8825",8,"yolo11s_640","ch0_20250504151217_20250504151517_f00100_jpg.rf.e3c5eab93106bc5a40bd66dd23b80c50.jpg",640,0,48,"302a-huong-phai-di-vong-chuong-ngai-vat-1",0.9387,284.3291,349.6822,382.5785,476.0861,89.8190,1088.6648,1183.1694,105.8169,316.6953,348.1836,36.2777,,"CPU-1T"
"samsung","SM-A336E","14",34,"s5e8825",8,"yolo11s_640","ch0_20250504151217_20250504151517_f00100_jpg.rf.e3c5eab93106bc5a40bd66dd23b80c50.jpg",640,1,0,"102-cam-di-nguoc-chieu",0.9081,312.8114,228.0403,407.0091,346.4139,89.8190,1088.6648,1183.1694,105.8169,316.6953,348.1836,36.2777,,"CPU-1T"
"samsung","SM-A336E","14",34,"s5e8825",8,"yolo11s_640","ch0_20250504151217_20250504151517_f03230_jpg.rf.158925432bebc859c1d9f0759e35dcd1.jpg",640,0,48,"302a-huong-phai-di-vong-chuong-ngai-vat-1",0.9445,623.4372,445.4135,729.8533,554.0992,90.7415,1088.3708,1183.5101,106.2935,318.5195,349.8086,36.2777,,"CPU-1T"
"samsung","SM-A336E","14",34,"s5e8825",8,"yolo11s_640","ch0_20250504151217_20250504151517_f03230_jpg.rf.158925432bebc859c1d9f0759e35dcd1.jpg",640,1,0,"102-cam-di-nguoc-chieu",0.8813,636.2346,340.7639,740.1307,440.9441,90.7415,1088.3708,1183.5101,106.2935,318.5195,349.8086,36.2777,,"CPU-1T"
"samsung","SM-A336E","14",34,"s5e8825",8,"yolo11s_640","ch0_20250504151217_20250504151517_f04150_jpg.rf.b5dbe1e170bf594d4a67270e3afb7c43.jpg",640,0,48,"302a-huong-phai-di-vong-chuong-ngai-vat-1",0.9036,1825.1647,618.5922,1849.8326,648.0059,90.1236,1089.8137,1184.8939,106.2534,320.3438,351.4375,36.2777,,"CPU-1T"
"samsung","SM-A336E","14",34,"s5e8825",8,"yolo11s_640","ch0_20250504151217_20250504151517_f04150_jpg.rf.b5dbe1e170bf594d4a67270e3afb7c43.jpg",640,1,0,"102-cam-di-nguoc-chieu",0.9031,1823.2222,586.3722,1848.6409,616.5969,90.1236,1089.8137,1184.8939,106.2534,320.3438,351.4375,36.2777,,"CPU-1T"
"samsung","SM-A336E","14",34,"s5e8825",8,"yolo11s_640","ch0_20250504151817_20250504152117_f00860_jpg.rf.aed04b9771fccada2de65166143e3eb3.jpg",640,0,0,"102-cam-di-nguoc-chieu",0.8924,805.8631,651.3657,839.3036,683.6306,90.2485,1083.3837,1178.0065,106.1109,323.9492,355.6914,36.2777,,"CPU-1T"
"samsung","SM-A336E","14",34,"s5e8825",8,"yolo11s_640","ch0_20250504151817_20250504152117_f00860_jpg.rf.aed04b9771fccada2de65166143e3eb3.jpg",640,1,48,"302a-huong-phai-di-vong-chuong-ngai-vat-1",0.7915,805.7893,685.4299,840.5251,722.8658,90.2485,1083.3837,1178.0065,106.1109,323.9492,355.6914,36.2777,,"CPU-1T"
"samsung","SM-A336E","14",34,"s5e8825",8,"yolo11s_640","ch0_20250504151817_20250504152117_f03560_jpg.rf.fdb8dfbec5d0bef191ce8293ab736fc9.jpg",640,0,12,"127-toc-do-toi-da-100",0.9629,731.3612,240.7506,838.5676,339.1292,89.5782,1066.7870,1161.4606,105.2980,325.7578,357.3125,36.2777,,"CPU-1T"
"samsung","SM-A336E","14",34,"s5e8825",8,"yolo11s_640","ch0_20250504151817_20250504152117_f03560_jpg.rf.fdb8dfbec5d0bef191ce8293ab736fc9.jpg",640,1,50,"306-toc-do-toi-thieu-60",0.9488,1157.7241,230.2414,1266.1709,332.1821,89.5782,1066.7870,1161.4606,105.2980,325.7578,357.3125,36.2777,,"CPU-1T"
"samsung","SM-A336E","14",34,"s5e8825",8,"yolo11s_640","ch0_20250504151817_20250504152117_f03560_jpg.rf.fdb8dfbec5d0bef191ce8293ab736fc9.jpg",640,2,50,"306-toc-do-toi-thieu-60",0.9372,850.6002,236.1523,962.9899,337.1481,89.5782,1066.7870,1161.4606,105.2980,325.7578,357.3125,36.2777,,"CPU-1T"
"samsung","SM-A336E","14",34,"s5e8825",8,"yolo11s_640","ch0_20250504151817_20250504152117_f03560_jpg.rf.fdb8dfbec5d0bef191ce8293ab736fc9.jpg",640,3,12,"127-toc-do-toi-da-100",0.9358,1025.6720,228.2020,1140.4740,331.0003,89.5782,1066.7870,1161.4606,105.2980,325.7578,357.3125,36.2777,,"CPU-1T"
"samsung","SM-A336E","14",34,"s5e8825",8,"yolo11s_640","ch0_20250504151817_20250504152117_f03560_jpg.rf.fdb8dfbec5d0bef191ce8293ab736fc9.jpg",640,4,55,"437-bat-dau-duong-cao-toc",0.9316,1169.4158,96.4065,1244.8418,179.7475,89.5782,1066.7870,1161.4606,105.2980,325.7578,357.3125,36.2777,,"CPU-1T"
"samsung","SM-A336E","14",34,"s5e8825",8,"yolo11s_640","ch0_20250504154520_20250504154820_f02180_jpg.rf.33f076286bb1639912441813a8e67f2d.jpg",640,0,19,"127-toc-do-toi-da-80",0.8869,1303.6527,578.0717,1396.0386,676.9047,89.7290,1074.9545,1168.8005,105.7490,327.5938,358.9688,36.2777,,"CPU-1T"
"samsung","SM-A336E","14",34,"s5e8825",8,"yolo11s_640","ch0_20250504154520_20250504154820_f02830_jpg.rf.4ce52082b9c10ae58656589d07172f7d.jpg",640,0,56,"438-ket-thuc-duong-cao-toc",0.7278,1308.4406,107.6651,1371.5713,171.9808,90.0707,1070.6424,1164.9388,106.2711,329.3867,360.8320,36.2777,,"CPU-1T"
"samsung","SM-A336E","14",34,"s5e8825",8,"yolo11s_640","ch0_20250504163332_20250504163632_f02200_jpg.rf.d8084ac703bc068a0dda1e098fcc769e.jpg",640,0,48,"302a-huong-phai-di-vong-chuong-ngai-vat-1",0.9547,562.2034,477.5592,653.5291,565.3597,90.0009,1075.1839,1169.7142,106.5213,331.1992,362.4414,36.2777,,"CPU-1T"
"samsung","SM-A336E","14",34,"s5e8825",8,"yolo11s_640","ch0_20250504163332_20250504163632_f02200_jpg.rf.d8084ac703bc068a0dda1e098fcc769e.jpg",640,1,23,"131a-cam-do-xe",0.9080,1693.4432,490.1528,1735.3967,549.9529,90.0009,1075.1839,1169.7142,106.5213,331.1992,362.4414,36.2777,,"CPU-1T"
"samsung","SM-A336E","14",34,"s5e8825",8,"yolo11s_640","ch0_20250504163332_20250504163632_f02200_jpg.rf.d8084ac703bc068a0dda1e098fcc769e.jpg",640,2,0,"102-cam-di-nguoc-chieu",0.9024,574.9276,386.0700,644.4814,471.3206,90.0009,1075.1839,1169.7142,106.5213,331.1992,362.4414,36.2777,,"CPU-1T"
"samsung","SM-A336E","14",34,"s5e8825",8,"yolo11s_640","ch0_20250504163332_20250504163632_f02200_jpg.rf.d8084ac703bc068a0dda1e098fcc769e.jpg",640,3,22,"130-cam-dung-va-do-xe",0.8878,1671.2494,376.5295,1713.4413,432.9930,90.0009,1075.1839,1169.7142,106.5213,331.1992,362.4414,36.2777,,"CPU-1T"
"samsung","SM-A336E","14",34,"s5e8825",8,"yolo11s_640","ch0_20250504163332_20250504163632_f02200_jpg.rf.d8084ac703bc068a0dda1e098fcc769e.jpg",640,4,17,"127-toc-do-toi-da-60",0.8815,1400.8146,577.2039,1430.8246,612.2930,90.0009,1075.1839,1169.7142,106.5213,331.1992,362.4414,36.2777,,"CPU-1T"
"samsung","SM-A336E","14",34,"s5e8825",8,"yolo11s_640","ch0_20250504163332_20250504163632_f02200_jpg.rf.d8084ac703bc068a0dda1e098fcc769e.jpg",640,5,17,"127-toc-do-toi-da-60",0.8170,1435.4084,575.2034,1462.9080,610.0771,90.0009,1075.1839,1169.7142,106.5213,331.1992,362.4414,36.2777,,"CPU-1T"
"samsung","SM-A336E","14",34,"s5e8825",8,"yolo11s_640","ch0_20250504163332_20250504163632_f02200_jpg.rf.d8084ac703bc068a0dda1e098fcc769e.jpg",640,6,17,"127-toc-do-toi-da-60",0.7796,1366.5076,579.3737,1396.1875,614.7204,90.0009,1075.1839,1169.7142,106.5213,331.1992,362.4414,36.2777,,"CPU-1T"
"samsung","SM-A336E","14",34,"s5e8825",8,"yolo11s_640","ch0_20250504163332_20250504163632_f04020_jpg.rf.5fea7fffc3a908d01593f97b003a8404.jpg",640,0,49,"303-noi-giao-nhau-chay-theo-vong-xuyen",0.5936,1192.9868,732.4638,1215.3792,758.1506,89.9531,1098.6133,1192.6887,107.1522,333.0547,364.3750,36.2777,,"CPU-1T"
"samsung","SM-A336E","14",34,"s5e8825",8,"yolo11s_640","ch0_20250511151404_20250511151904_f02595_jpg.rf.d921c03cdea5fbba215a16bdfda74a5f.jpg",640,0,42,"301a-cac-xe-chi-duoc-di-thang",0.9577,1440.1367,248.9946,1560.8896,382.4981,89.7516,1107.6252,1202.9947,110.3069,280.7344,312.5508,36.2777,,"CPU-1T"
"samsung","SM-A336E","14",34,"s5e8825",8,"yolo11s_640","ch0_20250511152904_20250511153404_f01350_jpg.rf.095a607564ebd68f6172d7114a549455.jpg",640,0,2,"103b-cam-oto-re-phai",0.9656,1545.4944,554.1262,1603.9200,627.7244,90.8719,1089.9898,1185.1094,107.0783,282.5508,314.1133,36.2777,,"CPU-1T"
"samsung","SM-A336E","14",34,"s5e8825",8,"yolo11s_640","ch0_20250511152904_20250511153404_f01350_jpg.rf.095a607564ebd68f6172d7114a549455.jpg",640,1,3,"103c-cam-oto-re-trai",0.8072,1535.9480,478.9025,1596.7632,552.6259,90.8719,1089.9898,1185.1094,107.0783,282.5508,314.1133,36.2777,,"CPU-1T"
"samsung","SM-A336E","14",34,"s5e8825",8,"yolo11s_640","ch0_20250511153904_20250511154404_f02640_jpg.rf.a47a398c69b0b006451dac1cd622f542.jpg",640,0,0,"102-cam-di-nguoc-chieu",0.8788,451.9075,557.1888,484.6566,607.2217,90.1117,1083.8409,1178.3104,105.4894,284.3750,315.9844,36.2777,,"CPU-1T"
"samsung","SM-A336E","14",34,"s5e8825",8,"yolo11s_640","ch0_20250511153904_20250511154404_f02640_jpg.rf.a47a398c69b0b006451dac1cd622f542.jpg",640,1,48,"302a-huong-phai-di-vong-chuong-ngai-vat-1",0.8712,450.4179,608.5221,482.6444,659.0912,90.1117,1083.8409,1178.3104,105.4894,284.3750,315.9844,36.2777,,"CPU-1T"
"samsung","SM-A336E","14",34,"s5e8825",8,"yolo11s_640","ch0_20250511153904_20250511154404_f02640_jpg.rf.a47a398c69b0b006451dac1cd622f542.jpg",640,2,6,"123a-cam-re-trai",0.7690,1050.4128,686.0828,1071.6245,707.0543,90.1117,1083.8409,1178.3104,105.4894,284.3750,315.9844,36.2777,,"CPU-1T"
"samsung","SM-A336E","14",34,"s5e8825",8,"yolo11s_640","ch0_20250511161258_20250511161758_f01807_jpg.rf.338d12bdbeda47bf65b2aaa154ccdc54.jpg",640,0,23,"131a-cam-do-xe",0.9227,1669.6212,500.8953,1706.9396,556.3037,89.7594,1065.4447,1159.2629,106.3603,286.2227,317.7539,36.2777,,"CPU-1T"
"samsung","SM-A336E","14",34,"s5e8825",8,"yolo11s_640","ch0_20250511161758_20250511162258_f03029_jpg.rf.e60388f056fd6de3298bc7058207e5f0.jpg",640,0,23,"131a-cam-do-xe",0.9053,1503.8728,493.4156,1556.0908,555.6747,90.1502,1074.3772,1168.6122,106.5359,288.0313,319.3711,36.2777,,"CPU-1T"
"samsung","SM-A336E","14",34,"s5e8825",8,"yolo11s_640","ch0_20250511163258_20250511163758_f05772_jpg.rf.dc078d52f13ec83aeca168a74000650f.jpg",640,0,9,"124b-cam-oto-quay-dau-xe",0.8252,1224.5654,621.3210,1260.7542,657.2422,90.0190,1086.8868,1181.2768,106.2405,289.8398,321.2266,36.2777,,"CPU-1T"
"samsung","SM-A336E","14",34,"s5e8825",8,"yolo11s_640","ch0_20250511163759_20250511164259_f05863_jpg.rf.207a395b469f8a7123bcb8a55f7dbde0.jpg",640,0,6,"123a-cam-re-trai",0.8715,587.9388,187.4532,685.2564,280.9570,90.2180,1079.1830,1173.5474,105.7473,291.6406,322.8359,36.2777,,"CPU-1T"
"samsung","SM-A336E","14",34,"s5e8825",8,"yolo11s_640","ch0_20250511163759_20250511164259_f05863_jpg.rf.207a395b469f8a7123bcb8a55f7dbde0.jpg",640,1,3,"103c-cam-oto-re-trai",0.5288,587.3990,188.4212,686.6664,281.0407,90.2180,1079.1830,1173.5474,105.7473,291.6406,322.8359,36.2777,,"CPU-1T"
"samsung","SM-A336E","14",34,"s5e8825",8,"yolo11s_640","ch0_20250517125209_20250517125709_f01287_jpg.rf.125dce0ef81540ea0d3244f51213b4ca.jpg",640,0,6,"123a-cam-re-trai",0.9232,1427.3607,605.4988,1469.7173,652.2794,89.4875,1061.7504,1155.4553,105.7568,293.4492,324.6602,36.2777,,"CPU-1T"
"samsung","SM-A336E","14",34,"s5e8825",8,"yolo11s_640","ch0_20250517125709_20250517130209_f01937_jpg.rf.c6f1222828b588ac2d440b15e1af0634.jpg",640,0,27,"134-het-han-che-toc-do-toi-da",0.7044,1077.2334,691.2342,1110.8776,725.1422,89.6558,1076.2609,1170.4516,105.9414,295.2383,326.7656,36.2777,,"CPU-1T"
"samsung","SM-A336E","14",34,"s5e8825",8,"yolo11s_640","ch0_20250517125709_20250517130209_f01989_jpg.rf.b076ffddc9286b5a1fca351aaef1d7e9.jpg",640,0,27,"134-het-han-che-toc-do-toi-da",0.9750,1352.4012,502.0159,1442.1980,599.0746,89.8727,1082.3545,1176.5621,105.9863,297.0156,328.8320,36.2777,,"CPU-1T"
"samsung","SM-A336E","14",34,"s5e8825",8,"yolo11s_640","ch0_20250517162300_20250517162800_f05330_jpg.rf.004ce4e33d87f72d849ccc28afccd879.jpg",640,0,17,"127-toc-do-toi-da-60",0.8086,1358.8657,545.2456,1409.0607,601.4989,90.4688,1086.9640,1181.6558,106.1215,298.7539,330.6875,36.2777,,"CPU-1T"
"samsung","SM-A336E","14",34,"s5e8825",8,"yolo11s_640","ch0_20250517162801_20250517163301_f02184_jpg.rf.bf656ec4c0279059e2775f8a0b3306ac.jpg",640,0,21,"128-cam-su-dung-coi",0.8142,1635.6410,350.5647,1690.5646,425.0952,89.9685,1068.1187,1162.3738,105.4733,300.5195,332.2930,36.2777,,"CPU-1T"
"samsung","SM-A336E","14",34,"s5e8825",8,"yolo11s_640","ch0_20250517162801_20250517163301_f02184_jpg.rf.bf656ec4c0279059e2775f8a0b3306ac.jpg",640,1,11,"125-cam-vuot",0.8131,1560.2576,339.3235,1621.9257,418.0080,89.9685,1068.1187,1162.3738,105.4733,300.5195,332.2930,36.2777,,"CPU-1T"
"samsung","SM-A336E","14",34,"s5e8825",8,"yolo11s_640","ch0_20250517164301_20250517164801_f00507_jpg.rf.69bb4eae7f768bb5d9a88a35980330f1.jpg",640,0,22,"130-cam-dung-va-do-xe",0.9132,1563.2589,340.1597,1643.8004,443.3334,89.8250,1072.3876,1167.1686,106.0682,302.3125,333.9453,36.2777,,"CPU-1T"
"samsung","SM-A336E","14",34,"s5e8825",8,"yolo11s_640","ch0_20250517164301_20250517164801_f00507_jpg.rf.69bb4eae7f768bb5d9a88a35980330f1.jpg",640,1,17,"127-toc-do-toi-da-60",0.9043,304.3399,389.8537,369.0047,480.4730,89.8250,1072.3876,1167.1686,106.0682,302.3125,333.9453,36.2777,,"CPU-1T"
"samsung","SM-A336E","14",34,"s5e8825",8,"yolo11s_640","ch0_20250517171302_20250517171802_f01924_jpg.rf.e561c9eba1571fc7c47d3793e83a9454.jpg",640,0,1,"103a-cam-oto",0.8264,1410.2480,674.0572,1437.4427,701.9079,90.4529,1066.0190,1160.4516,106.6821,304.0469,335.7500,36.2777,,"CPU-1T"
